# intraday sessions v1 — one row per complete regular session; the rules, the null and trial 3 run from this file anywhere
# {"symbol": "SPY", "timeframe": "1m", "provenance": {"source": "alpaca", "fetched_at": "2026-09-03T18:45:53+00:00", "adjusted": null, "path": "/Users/danielalba/Desktop/ca/tools/market/bars/SPY-1m.csv"}, "skipped": {"202 bars": 1, "185 bars": 1, "300 bars": 1, "233 bars": 1, "214 bars": 1, "206 bars": 1, "212 bars": 1, "207 bars": 1, "204 bars": 2, "47 bars": 1, "215 bars": 1, "213 bars": 2}, "sessions": 1518, "measured_by": "intraday.measure v1", "exported_at": "2026-09-04T02:44:31+00:00"}
date,r_first30,r_open_to_1530,open_1530,last_print,fill_slipped,exit_time
2020-07-27,0.003109211037699122,0.004850369218810657,323.21,323.26,0,15:59
2020-07-28,-0.0021080695662957227,-0.0017670583129243411,322.0,321.24,0,15:59
2020-07-29,0.002048925866136697,0.009592698373277031,325.16,325.16,0,15:59
2020-07-30,-0.005191010537440421,0.007568928538124409,324.23,323.96,0,15:59
2020-07-31,-0.003682111077017436,-0.003896900889843402,324.74,326.54,0,15:59
2020-08-03,1.522765341865906e-05,0.001857773717069966,328.99,328.76,0,15:59
2020-08-04,0.0015084564985525795,0.0030016760627762373,329.145,330.0,0,15:59
2020-08-05,0.0014030111939171697,0.0010560299309054777,331.84,332.08,0,15:59
2020-08-06,0.00241356423097816,0.0079949315151151,334.145,334.28,0,15:59
2020-08-07,0.0022654984096501796,0.00018003960871393332,333.325,334.6,0,15:59
2020-08-10,0.00016415215412401984,0.0007312232320066947,335.3,335.52,0,15:59
2020-08-11,-0.0016619676509868064,-0.006499480635109078,334.72,332.92,0,15:59
2020-08-12,0.002414666865404591,0.007795498583991645,338.075,337.42,0,15:59
2020-08-13,0.0035347234598703814,0.0015445850412878492,337.17,336.88,0,15:59
2020-08-14,0.0006092849075671758,-0.0006538667300718393,335.985,336.86,0,15:59
2020-08-17,-0.0002663155247154547,-8.877184157174423e-05,337.93,337.86,0,15:59
2020-08-18,0.00011822077730161418,0.001359538938968452,338.71,338.63,0,15:59
2020-08-19,-0.0006636287218511061,-0.003391880133905678,337.89,337.28,0,15:59
2020-08-20,0.003995348698530243,0.007841617221741926,337.995,338.22,0,15:59
2020-08-21,0.0021454782196967948,0.004631273674242431,339.44,339.44,0,15:59
2020-08-24,-0.0008914740011106703,-0.0007599450501271088,341.895,342.97,0,15:59
2020-08-25,-0.000538502961766274,0.0014845216783827553,344.055,344.12,0,15:59
2020-08-26,-8.702210361444251e-05,0.008629691941753004,347.72,347.61,0,15:59
2020-08-27,0.0021949015163469365,0.0025678913165105843,349.47,348.32,0,15:59
2020-08-28,-0.0006868131868131844,0.0027329441391941156,350.36,350.54,0,15:59
2020-08-31,-0.0010846296560582669,0.00038532895675746914,350.475,349.34,0,15:59
2020-09-01,0.0007424222955125792,0.003754943533073485,351.56,352.59,0,15:59
2020-09-02,-0.0026503510305354583,0.008402176671271855,357.74,357.71,0,15:59
2020-09-03,-0.00022478855826235655,-0.036190957880243846,342.88,345.42,0,15:59
2020-09-04,-0.0071428571428572285,-0.0018218623481781604,344.88,342.61,0,15:59
2020-09-08,-0.00019306739537228168,-0.004900941574836004,335.01,333.26,0,15:59
2020-09-09,0.0015402387370042625,0.01353632890021017,342.24,339.9,0,15:59
2020-09-10,-0.0006582219231781039,-0.022701342772723287,333.88,334.0,0,15:59
2020-09-11,-0.005181655747468761,-0.0031566408576533256,334.77,334.02,0,15:59
2020-09-14,0.003747481929138541,0.0021922028676384375,338.35,338.42,0,15:59
2020-09-15,0.0009522972339428559,-0.0037505860290669712,339.98,340.15,0,15:59
2020-09-16,-0.000687939110070257,-0.0058255269320843794,339.54,338.81,0,15:59
2020-09-17,0.004496807266840541,0.0003897232964595876,333.56,335.87,0,15:59
2020-09-18,-0.004800524777863968,-0.01237402349573613,331.16,330.55,0,15:59
2020-09-21,-0.0014431343650209705,-0.0020879390813067777,325.01,327.0,0,15:59
2020-09-22,-0.003302389286257923,0.005052503424136212,330.245,330.27,0,15:59
2020-09-23,-0.003188226228071356,-0.022015382058294564,323.61,322.67,0,15:59
2020-09-24,0.00305096354409895,0.0030820958251611685,322.21,323.53,0,15:59
2020-09-25,0.0024791595649076292,0.020375592674083398,329.3,328.73,0,15:59
2020-09-28,-0.0018005581730337061,0.004021246586441762,334.595,334.16,0,15:59
2020-09-29,-0.0002694852831093275,-0.0025301673803036495,333.04,332.45,0,15:59
2020-09-30,0.0055366333068254114,0.0030609029663750675,334.11,334.9,0,15:59
2020-10-01,-0.0026802505515984842,-0.004634908412432748,336.03,337.08,0,15:59
2020-10-02,0.007268230894505123,0.010404728873876667,334.87,333.82,0,15:59
2020-10-05,0.001606808105454327,0.011098878209896856,339.81,339.72,0,15:59
2020-10-06,-0.0014121385072519699,-0.011135300520726199,336.12,334.92,0,15:59
2020-10-07,0.0026617768839465317,0.009419732639299738,341.32,340.72,0,15:59
2020-10-08,0.0006561871154016075,0.0020123071538977744,343.61,343.74,0,15:59
2020-10-09,-0.00015916884920919028,0.0038345222764040177,346.88,346.84,0,15:59
2020-10-12,-0.0004719679633867768,0.010583524027459879,353.37,352.37,0,15:59
2020-10-13,-0.001518376614162098,-0.003221228891727157,351.25,350.18,0,15:59
2020-10-14,0.0026800478987283327,-0.00578776301533912,348.67,347.88,0,15:59
2020-10-15,0.00471327572662994,0.011434057781269047,347.66,347.46,0,15:59
2020-10-16,0.00011460332922674787,-0.0005300403976733481,348.845,347.32,0,15:59
2020-10-19,-0.000888786949167164,-0.019467301241434698,342.01,341.96,0,15:59
2020-10-20,0.003567060741948458,0.002591578824762575,344.22,343.38,0,15:59
2020-10-21,0.005883552267497816,0.003116535111991281,344.51,342.72,0,15:59
2020-10-22,0.0013849607837419509,0.005160801236259616,344.72,344.635,0,15:59
2020-10-23,-0.0019369200080946447,-0.0022260125466162517,345.14,345.65,0,15:59
2020-10-26,0.0013737869753303045,-0.011165672863322817,338.35,339.45,0,15:59
2020-10-27,-0.00022074730320376101,-0.0025165192565231864,338.91,338.26,0,15:59
2020-10-28,-0.0023486901535683113,-0.009424872026497999,328.975,326.7,0,15:59
2020-10-29,0.002538925086415178,0.01563121348383323,331.93,329.95,0,15:59
2020-10-30,-0.0008225437928407464,-0.013526275704493496,323.76,326.78,0,15:59
2020-11-02,0.0016353725015143539,-0.0011811023622047,330.14,330.22,0,15:59
2020-11-03,0.0046899114460809965,0.007686659973928256,336.43,335.97,0,15:59
2020-11-04,0.004811359502435053,0.008478554245144654,343.86,343.46,0,15:59
2020-11-05,0.0017035287381004238,0.004566602247512819,351.0,350.33,0,15:59
2020-11-06,-0.004743941472336588,0.0001428898033837278,349.94,350.16,0,15:59
2020-11-09,-0.009341429238673649,-0.015880429705745103,358.43,354.55,0,15:59
2020-11-10,0.0001697216564833237,0.0032529984159312963,354.635,354.1,0,15:59
2020-11-11,-0.0029462106119700904,-0.002721737422486492,355.485,356.69,0,15:59
2020-11-12,-0.0007030964367072956,-0.009983969401243131,351.955,353.22,0,15:59
2020-11-13,0.002139218059504122,0.0068117206631577165,357.685,357.94,0,15:59
2020-11-16,-0.002118526723899339,-0.0008723345333702115,360.84,362.43,0,15:59
2020-11-17,-0.004472408572579467,0.000847257524619005,360.255,360.67,0,15:59
2020-11-18,-0.00099728516815345,-0.005401961327497484,358.98,356.25,0,15:59
2020-11-19,0.0016455233326770902,0.005231920339793472,357.44,357.85,0,15:59
2020-11-20,-0.0017623363544813087,-0.004210025735705503,355.985,355.38,0,15:59
2020-11-23,0.002407143057071792,0.0012175665463094454,357.705,357.51,0,15:59
2020-11-24,9.715205684779349e-05,0.008313440293121754,363.26,363.2,0,15:59
2020-11-25,-0.002781373061988779,-0.0004681519015229396,362.99,362.63,0,15:59
2020-11-30,-0.0015848952590958865,-0.004217199558985696,361.25,362.32,0,15:59
2020-12-01,0.001367764525659343,0.0018328044643833863,366.205,365.96,0,15:59
2020-12-02,0.0014801820075653893,0.004125322076640625,366.425,366.7,0,15:59
2020-12-03,0.0006545038043033191,0.003654312907360291,368.03,366.7,0,15:59
2020-12-04,0.00250469630557304,0.004192643815850383,369.0,369.82,0,15:59
2020-12-07,0.0006909913693822212,-0.0007858333220426283,368.735,369.04,0,15:59
2020-12-08,0.0020941554026490117,0.006921591558106011,370.2,370.12,0,15:59
2020-12-09,-0.00014829194639920384,-0.012807031734476504,366.03,367.0,0,15:59
2020-12-10,0.0048853917208349085,0.004173794047211743,366.955,366.67,0,15:59
2020-12-11,0.00043840420868046515,0.003068829460762812,366.08,366.23,0,15:59
2020-12-14,0.0023873470605788594,-0.006348172865630386,366.23,364.68,0,15:59
2020-12-15,-0.0019050729370780894,0.0039734378401914405,368.82,369.57,0,15:59
2020-12-16,-0.0004596582305861352,0.002595717066839809,370.775,370.1,0,15:59
2020-12-17,-0.0006452480172066677,-0.00024196800645237548,371.84,372.18,0,15:59
2020-12-18,-0.0036928219089463754,-0.010188953880158613,367.295,369.11,0,15:59
2020-12-21,-0.00017809682987657283,0.0074800668548098415,367.65,367.86,0,15:59
2020-12-22,-0.0011271048343290957,-0.0033269961977185902,366.965,367.1,0,15:59
2020-12-23,0.0018193173486844572,0.0013848535042224608,368.81,367.58,0,15:59
2020-12-28,-0.0009145439384564691,0.0008607472361943369,372.11,372.13,0,15:59
2020-12-29,-0.0033309254354282336,-0.005029831179602429,371.87,371.46,0,15:59
2020-12-30,0.0010742869420423684,-0.0017188591072675452,371.78,371.99,0,15:59
2020-12-31,-0.0003362022592792169,0.004101667563205957,373.325,373.85,0,15:59
2021-01-04,-0.004956035171862494,-0.020463629096722613,367.53,368.86,0,15:59
2021-01-05,0.005009911206451889,0.007589540282944673,371.03,371.36,0,15:59
2021-01-06,0.007320307425849881,0.01298982463736742,374.26,373.64,0,15:59
2021-01-07,0.004652646691303497,0.00885332198973754,379.47,378.96,0,15:59
2021-01-08,-0.0001970676336118249,0.0,380.505,381.24,0,15:59
2021-01-11,0.003308015984333279,0.001032100987111928,378.28,378.83,0,15:59
2021-01-12,-0.0006334125098969023,-0.0002903140670360571,378.89,378.74,0,15:59
2021-01-13,0.0003300765777660697,0.0027726432532346745,379.755,379.79,0,15:59
2021-01-14,0.00044656929704744996,-0.004071661237785018,379.07,378.52,0,15:59
2021-01-15,0.0010219791887873253,-0.0005972605648758567,376.51,375.66,0,15:59
2021-01-19,-0.0017708470992467973,0.001136513809964157,378.85,378.6,0,15:59
2021-01-20,0.0006035082195194885,0.008514713792786788,384.3,383.84,0,15:59
2021-01-21,-0.001768622555139432,0.0006112151477319916,384.65,384.17,0,15:59
2021-01-22,0.001988227599738268,0.004251144538914398,383.88,382.81,0,15:59
2021-01-25,0.00041702504756679915,-0.0016159720593218463,383.03,384.41,0,15:59
2021-01-26,-0.001673564172753328,-0.0012843632023454843,384.925,383.73,0,15:59
2021-01-27,-0.006864266365094851,-0.017752413013176205,373.44,374.4,0,15:59
2021-01-28,0.003254948850803574,0.008157300385279731,379.35,377.49,0,15:59
2021-01-29,-0.000958466453674145,-0.009225239616613479,372.195,370.01,0,15:59
2021-02-01,-0.0034509510178968306,0.007490436317915572,376.59,376.19,0,15:59
2021-02-02,0.003332104098619615,0.00819197134127081,382.725,381.39,0,15:59
2021-02-03,0.0009412010771523427,6.53611859133818e-05,382.49,381.86,0,15:59
2021-02-04,0.0022192052634328885,0.005443579969714563,385.11,386.16,0,15:59
2021-02-05,-0.0028078310149406427,-0.002588871715610508,387.25,387.65,0,15:59
2021-02-08,0.000680586588591714,0.0004366027172097997,389.52,390.49,0,15:59
2021-02-09,0.0012319379924543572,0.002232887611323564,390.49,390.26,0,15:59
2021-02-10,-0.001657698094922444,-0.0044120272372548675,390.43,390.09,0,15:59
2021-02-11,-0.0020954717366861164,-0.0030793212715934937,390.23,390.7,0,15:59
2021-02-12,0.001308212238197104,0.003988764765483488,391.4,392.6,0,15:59
2021-02-16,-0.0005584465033633412,-0.0030714557684985433,392.67,392.29,0,15:59
2021-02-17,0.0018442150559667692,0.004533695345918298,392.18,392.4,0,15:59
2021-02-18,0.0010011294794125547,0.004055857890953751,391.15,390.75,0,15:59
2021-02-19,-0.0003825066938670796,-0.003978069616218272,390.64,390.05,0,15:59
2021-02-22,0.0024801715451985284,0.001692200377192865,387.69,387.14,0,15:59
2021-02-23,-0.006343264181355002,0.010736754536473825,388.875,387.36,0,15:59
2021-02-24,0.00016826300802486038,0.014470618690137105,391.86,391.76,0,15:59
2021-02-25,0.0011268759924192295,-0.02112892485786,382.17,382.32,0,15:59
2021-02-26,-0.005827869705484434,-0.004865230513060648,382.61,380.31,0,15:59
2021-03-01,0.0033449152102886792,0.012070217289840812,390.335,389.5,0,15:59
2021-03-02,-0.001372445903826236,-0.005015199517719893,387.84,386.5,0,15:59
2021-03-03,-0.003551338880680155,-0.0073878217590791495,382.92,381.43,0,15:59
2021-03-04,-0.0009968258964875298,-0.013955562550824974,375.79,376.74,0,15:59
2021-03-05,-0.008857698575408746,0.007490932029648345,383.36,383.61,0,15:59
2021-03-08,-0.0020015076291232115,-0.004042005666606063,383.24,381.59,0,15:59
2021-03-09,0.0035636533278042837,0.00846205681111356,389.04,386.97,0,15:59
2021-03-10,0.0015652263163294933,0.0008724212254951347,390.11,389.51,0,15:59
2021-03-11,0.0016695980219723072,0.004575463281588643,394.12,393.55,0,15:59
2021-03-12,0.0020149463106078347,0.0035835437549418536,393.43,394.0,0,15:59
2021-03-15,-0.0008241618907541826,0.0009382766140892951,394.735,396.485,0,15:59
2021-03-16,0.0007679717990682899,-0.0023165050988290803,396.35,395.98,0,15:59
2021-03-17,0.0004055458393532607,0.006564773274529312,397.16,397.28,0,15:59
2021-03-18,0.0016731310365807328,-0.004258879002205562,392.8,391.49,0,15:59
2021-03-19,-0.003667701146477187,0.002308343378901734,390.78,389.48,0,15:59
2021-03-22,0.0029990003332223125,0.0076128469997180925,393.075,392.58,0,15:59
2021-03-23,0.001263061201056459,-0.006442887944782427,389.36,389.6,0,15:59
2021-03-24,-0.0007672634271099765,-0.004092071611253245,389.42,387.5,0,15:59
2021-03-25,0.0006996449949470129,0.009173123267082861,389.43,389.62,0,15:59
2021-03-26,0.0008696986749883173,0.004872870517214967,392.91,395.88,0,15:59
2021-03-29,-0.0008619815434539602,0.005463441841598193,396.645,395.74,0,15:59
2021-03-30,-0.0008366715683789661,0.0017620810303737855,395.1,394.87,0,15:59
2021-03-31,0.0019982294169722525,0.004755280131528927,397.25,396.11,0,15:59
2021-04-01,3.7653437758855546e-05,0.00306247960438788,399.6,400.54,0,15:59
2021-04-05,0.0025027877586421,0.006108288935695594,406.0,406.31,0,15:59
2021-04-06,0.002489156151419536,0.0012569006309148811,406.36,406.08,0,15:59
2021-04-07,0.0007882938365275649,0.0003325614622851081,406.065,406.6,0,15:59
2021-04-08,-0.0005148068248677085,0.0009805844283192755,408.36,408.54,0,15:59
2021-04-09,0.0017018046475183457,0.0052156027326819565,410.61,411.44,0,15:59
2021-04-12,-2.433800623047322e-05,0.000316394080996929,411.03,411.57,0,15:59
2021-04-14,0.0023496354431606914,-0.0021800741225200815,411.87,411.24,0,15:59
2021-04-15,0.00044715152394081414,0.002997123728035289,414.98,415.7,0,15:59
2021-04-16,-0.00268437073077199,0.0006591088847878179,417.52,417.3,0,15:59
2021-04-19,0.0008648856428983276,-0.0046127234287911545,414.32,415.32,0,15:59
2021-04-20,0.0010267932642360478,-0.004856128143799543,411.95,412.19,0,15:59
2021-04-21,0.004665856622114273,0.008845686512758189,415.18,416.07,0,15:59
2021-04-22,-0.001394633067230866,-0.008896797153024938,412.14,412.34,0,15:59
2021-04-23,0.003185176214121288,0.011953494005086496,417.78,416.73,0,15:59
2021-04-26,0.0008624407072013174,-0.0002635235494227173,417.225,417.5,0,15:59
2021-04-27,-0.0025364312890335805,-0.00023928597066358304,417.78,417.36,1,15:59
2021-04-28,0.0013044206696823935,0.00023934324214369695,417.9,417.36,0,15:59
2021-04-29,-0.0018316325316967141,-0.0019148885558648576,419.57,420.04,0,15:59
2021-04-30,0.0021071787749629145,-0.0003112877735740316,417.485,417.33,0,15:59
2021-05-03,9.536524890330078e-05,-0.001966908258630551,418.6,418.16,0,15:59
2021-05-04,-0.005263663894630621,-0.005143488919867267,413.85,415.57,0,15:59
2021-05-05,-0.0017852008051375545,-0.004001725294737857,415.55,415.72,0,15:59
2021-05-06,-0.0023809523809523725,0.0029581529581528265,417.025,418.99,0,15:59
2021-05-07,0.0024171270718231774,0.00631072585254322,422.56,422.06,0,15:59
2021-05-10,-0.0014788349147007995,-0.007547973404632868,419.44,417.96,0,15:59
2021-05-11,0.004308884047446115,0.0033042846768336354,414.39,414.22,0,15:59
2021-05-12,0.00029197790700496995,-0.012847027908221675,405.65,405.48,0,15:59
2021-05-13,0.00687589018221102,0.010989145916212362,411.695,410.28,0,15:59
2021-05-14,0.003968830163109116,0.009183969798170377,417.06,416.39,0,15:59
2021-05-17,-0.001035221609649195,-0.0010111466884946685,414.915,415.46,0,15:59
2021-05-18,-0.001659451659451694,-0.003679653679653727,414.325,412.04,0,15:59
2021-05-19,0.0,0.007471123126075341,409.86,410.99,0,15:59
2021-05-20,0.0031205225964689998,0.011535005706792223,416.58,415.12,0,15:59
2021-05-21,0.0028302113064544443,-0.002230590266951271,415.98,414.99,0,15:59
2021-05-24,0.0016291327264015276,0.006157163392429554,419.92,419.12,0,15:59
2021-05-25,-0.0024979778274728526,-0.004567730884522003,418.45,418.29,0,15:59
2021-05-26,-0.002482455721583121,2.386976655355255e-05,418.94,419.04,0,15:59
2021-05-27,-0.00016659923364348295,-0.0017611918985173114,419.46,419.33,0,15:59
2021-05-28,-0.0003562776115147992,-0.0007600589045650974,420.65,420.08,0,15:59
2021-06-01,-0.003005348099768046,-0.006412986890056316,419.875,419.63,0,15:59
2021-06-02,0.0002855307302449539,-0.001201608489780348,419.75,420.32,0,15:59
2021-06-03,-0.002057170194952773,0.002679105370171131,419.2,418.77,0,15:59
2021-06-04,0.0011288827625544062,0.00404021199229998,422.47,422.59,0,15:59
2021-06-07,-0.001064761138584558,-0.0009937770626790021,422.22,422.22,0,15:59
2021-06-08,-0.0035682215605652434,-0.001146084408525927,422.7,422.26,0,15:59
2021-06-09,-0.0010279313767190823,-0.0031901318587835847,421.8,421.58,0,15:59
2021-06-10,0.002990685138777316,0.0011820889876590357,423.47,423.54,0,15:59
2021-06-11,-0.0006836397925505944,-0.0015794436586515914,423.53,424.38,0,15:59
2021-06-14,-0.0012487335956460344,-0.0016492707867021839,423.7,425.29,0,15:59
2021-06-15,-0.001821600658126643,-0.002491479609824876,424.43,424.51,0,15:59
2021-06-16,-0.0008712032022604177,-0.0041205556863668225,423.04,422.04,0,15:59
2021-06-17,0.0004980552129780769,0.0021463807987858186,422.58,422.02,0,15:59
2021-06-18,0.0004555590188697334,-0.001174862732874593,416.62,414.96,0,15:59
2021-06-21,0.0023510783772762167,0.009068445169493566,420.64,420.76,0,15:59
2021-06-22,-0.0010692391769233645,0.00709261987359211,423.86,423.02,0,15:59
2021-06-23,0.001146057326496308,0.0013232826862639158,423.67,422.64,0,15:59
2021-06-24,7.060650992030126e-05,0.0003059615429876761,425.02,425.05,0,15:59
2021-06-25,-0.00015261798544263794,0.0016553181498004665,426.595,426.61,0,15:59
2021-06-28,-0.0011821991244703733,4.6819767305805726e-05,427.245,427.47,0,15:59
2021-06-29,0.0005608262840586242,-0.0005374585222227557,427.7,427.69,0,15:59
2021-06-30,0.000807565365979368,0.002223730717914041,428.16,428.06,0,15:59
2021-07-01,0.001049244543928296,0.003194366722626407,430.3,430.47,0,15:59
2021-07-02,0.00037066209516734006,0.0045174442848539,433.625,433.82,0,15:59
2021-07-06,-0.0020283040612179004,-0.0024316599824828478,432.81,432.855,0,15:59
2021-07-07,0.00025364908801606134,0.0018447206401179805,434.51,434.48,0,15:59
2021-07-08,0.0016094045203274288,0.00337041961141038,430.2,430.9,0,15:59
2021-07-09,0.002473816845074417,0.00695905486324655,435.515,435.59,0,15:59
2021-07-12,0.0011023839051949036,0.004019107987690118,437.18,437.12,0,15:59
2021-07-13,0.0012837559029845735,-0.001260831690431452,435.69,435.68,0,15:59
2021-07-14,-0.0006515700552118808,-0.0025719870600473538,436.275,436.34,0,15:59
2021-07-15,0.0011727642743808442,-0.0011727642743808442,434.385,434.745,0,15:59
2021-07-16,-0.0020642675290718504,-0.009679121080758746,431.76,431.37,0,15:59
2021-07-19,-0.0045284966798845305,-0.008939674792932784,422.33,424.6,0,15:59
2021-07-20,0.0057542804800714276,0.014820208093571763,432.07,431.05,0,15:59
2021-07-21,0.0030762825553962703,0.004070870148494388,434.11,434.49,0,15:59
2021-07-22,-0.0008625646923519081,0.00181713628522151,435.52,435.51,0,15:59
2021-07-23,-0.0014168837698249614,0.004673431144019524,439.61,439.74,0,15:59
2021-07-26,0.001502390166173484,0.003414523104939615,440.8,440.98,0,15:59
2021-07-27,-0.0012619372442018717,-0.004047294224647668,438.04,438.97,0,15:59
2021-07-28,-0.0024336434143789054,-0.0002274433097551043,439.62,438.82,0,15:59
2021-07-29,0.0020235550907188316,0.002478286571779398,440.89,440.66,0,15:59
2021-07-30,0.003608047315658336,0.0011646228677124615,438.43,438.48,0,15:59
2021-08-02,-0.0005223236589907421,-0.004984784484716287,438.125,437.6,0,15:59
2021-08-03,-0.004584435726667224,0.00551956938235576,440.85,441.24,0,15:59
2021-08-04,0.0003638348189922702,-0.00010232854284153436,439.69,439.01,0,15:59
2021-08-05,0.0009993867399549217,0.0013173734299407602,440.8,441.72,0,15:59
2021-08-06,-0.00021487865010971774,0.000859514600438871,442.48,442.52,0,15:59
2021-08-09,-0.0014238575238439966,-0.0004294173484609143,442.32,442.19,0,15:59
2021-08-10,0.00051962135417849,0.00013555339674220512,442.68,442.67,0,15:59
2021-08-11,-0.0002929577464788613,-0.000157746478873233,443.69,443.76,0,15:59
2021-08-12,-0.0011947431302270495,0.0031784675728678824,445.02,445.08,0,15:59
2021-08-13,-0.0002244114808913622,-0.00035905836942629055,445.445,445.91,0,15:59
2021-08-16,-0.0026544292977009887,0.004431547217348175,446.5,446.99,0,15:59
2021-08-17,-0.0013729771095456478,-0.002520876004411532,443.27,444.0,0,15:59
2021-08-18,0.0025059827516142885,-0.003047816860071384,441.52,439.295,0,15:59
2021-08-19,0.005134435097531309,0.010589772388658325,440.83,439.96,0,15:59
2021-08-20,0.0035889514810103496,0.007087043430855866,443.365,443.37,0,15:59
2021-08-23,0.0025158928049957563,0.005997708740481,447.84,447.29,0,15:59
2021-08-24,2.2321428571503432e-05,0.0009821428571428203,448.44,447.94,0,15:59
2021-08-25,0.00024544257759329113,0.001829662851150271,448.98,448.925,0,15:59
2021-08-26,-0.0009584735751064777,-0.004591757127254126,446.58,446.32,0,15:59
2021-08-27,0.001241360799838942,0.007246863047708496,450.33,450.16,0,15:59
2021-08-30,0.0009645446683961278,0.003836005232932038,452.71,452.22,0,15:59
2021-08-31,-0.0022781058545108257,-0.0018799902682856695,451.27,451.61,0,15:59
2021-09-01,-0.001281456441528106,-0.0009500452928570269,452.14,451.715,0,15:59
2021-09-02,4.411797145564833e-05,-0.0022941345156949344,452.42,453.22,0,15:59
2021-09-03,0.0008849361739784456,0.002809672352381609,453.28,453.05,0,15:59
2021-09-07,-0.002109634734970167,-0.001844549742094359,451.82,451.5,0,15:59
2021-09-08,0.0007319020581972868,-0.0003548616039743546,450.72,450.93,0,15:59
2021-09-09,0.002196193265007418,-0.0024956741647810254,449.48,448.95,0,15:59
2021-09-10,-0.0030812200744813056,-0.009443163681503774,446.85,445.53,0,15:59
2021-09-13,-0.0032763501014109186,-0.005962065660730653,446.015,446.58,0,15:59
2021-09-14,-0.004663304922129519,-0.010553795350082606,443.43,444.2,0,15:59
2021-09-15,0.0010121229841884016,0.007467218461123304,447.92,447.885,0,15:59
2021-09-16,-0.002805660503901075,0.00023473653618300006,447.435,447.17,0,15:59
2021-09-17,-0.0025974610099738227,-0.00719642877222193,441.505,441.39,0,15:59
2021-09-20,0.0018625827814569007,-0.009128955114054427,430.875,434.01,0,15:59
2021-09-21,-0.0005382254592094515,-0.002084192203747004,435.67,433.63,0,15:59
2021-09-22,0.0015134143545056933,0.006684246732400645,439.05,437.85,0,15:59
2021-09-23,0.005422796207453118,0.009003888042563801,443.71,443.1,0,15:59
2021-09-24,0.004984706015633833,0.006128922623767963,444.12,443.89,0,15:59
2021-09-27,0.0006325825181303646,0.0013555339674220512,443.21,442.66,0,15:59
2021-09-28,-0.0032992036405005143,-0.01064846416382259,434.7,433.63,0,15:59
2021-09-29,0.0021945950914605827,0.0023209853846861694,436.13,434.35,0,15:59
2021-09-30,-0.0002752735530934247,-0.008281146055559407,432.28,429.06,0,15:59
2021-10-01,-0.0035961208296597658,0.008932300125284343,434.85,434.24,0,15:59
2021-10-04,-0.00019630484988453212,-0.012378752886836097,427.64,428.51,0,15:59
2021-10-05,0.002301201738685865,0.00999511866297853,434.43,432.99,0,15:59
2021-10-06,-0.0009551543389633155,0.010856144437973336,433.79,434.9,0,15:59
2021-10-07,0.005224016789852959,0.002897162149831045,439.595,438.53,0,15:59
2021-10-08,-0.002389132858540588,-0.0014334797151243084,438.83,437.77,0,15:59
2021-10-11,0.004998284341759085,-0.0028136795150405236,435.875,434.66,0,15:59
2021-10-12,-0.0033283599219556814,-0.0033283599219556814,434.14,433.65,0,15:59
2021-10-13,-0.0036113539126834127,-0.000644063118185656,434.51,435.17,0,15:59
2021-10-14,0.0009678227404186224,0.006808917632591838,442.12,442.5,0,15:59
2021-10-15,0.0007304601899196239,0.0020228128336234885,445.79,445.84,0,15:59
2021-10-18,0.0029280598225143173,0.006959772962745969,447.05,447.21,0,15:59
2021-10-19,-0.0006460092223385949,0.003319150832015172,450.35,450.7,0,15:59
2021-10-20,0.0011527633066572562,0.0020838413620341,452.0,452.39,0,15:59
2021-10-21,0.00044275214734779134,0.003232090675639787,453.29,453.55,0,15:59
2021-10-22,0.0016331575114210128,-0.00033104544150430737,452.98,453.09,0,15:59
2021-10-25,-0.0014089157952669185,0.0025536598789213105,455.385,455.49,0,15:59
2021-10-26,0.00043744531933498365,-0.0009186351706037543,456.755,455.95,0,15:59
2021-10-27,0.001270703706949483,-0.0024318639908860185,455.325,453.89,0,15:59
2021-10-28,0.0028320526893523823,0.003732162458836452,457.225,458.17,0,15:59
2021-10-29,0.002786004168037648,0.004519030382801326,457.89,459.14,0,15:59
2021-11-01,-0.002259199721944549,-0.002063692053699384,459.37,460.07,0,15:59
2021-11-02,0.0019553740195972225,0.003345862211310724,461.8,461.87,0,15:59
2021-11-03,0.0004335385415763504,0.006307985779935965,464.25,464.735,0,15:59
2021-11-04,0.0021058060079934826,0.0012033177188535138,466.07,466.87,0,15:59
2021-11-05,0.0020669522043939015,-0.0021308785612308423,468.29,468.56,0,15:59
2021-11-08,-0.0007025013304948757,-0.0015114422565193353,469.08,468.95,0,15:59
2021-11-09,-0.005622524172594567,-0.0058142011330238885,466.81,467.37,0,15:59
2021-11-10,0.0032434057908754532,-0.0037803935045965797,463.83,463.69,0,15:59
2021-11-11,-0.0005158738688391118,-0.0020849902198912806,464.27,463.85,0,15:59
2021-11-12,-0.001880992304054363,0.004471387419923367,467.3,467.31,0,15:59
2021-11-15,-0.0002773688365443894,-0.0027310162367448765,467.4,467.42,0,15:59
2021-11-16,0.0025893430344532398,0.005146586775090833,469.65,469.23,0,15:59
2021-11-17,-0.0030595710204255333,-0.0011300157775787634,468.39,468.15,0,15:59
2021-11-18,-0.0017260116345969578,0.0009588953525538901,469.7,469.68,0,15:59
2021-11-19,0.0012457675844885774,-0.0007453310334546437,469.21,469.0,0,15:59
2021-11-22,0.0037164458036018644,0.0010618416581720247,471.32,467.45,0,15:59
2021-11-23,0.0029002568493150527,-2.1404109589062692e-05,467.21,468.27,0,15:59
2021-11-24,0.00034323715542217137,0.006864743108441651,469.34,469.39,0,15:59
2021-11-29,-0.0012713599241492846,0.0038248540090934924,465.745,464.64,0,15:59
2021-11-30,0.0009523603385208634,-0.012056016103547562,456.45,456.17,0,15:59
2021-12-01,-0.00034659041677487235,-0.016679663807295686,453.77,450.44,0,15:59
2021-12-02,0.011518487283057377,0.01538017666119229,457.5,457.32,0,15:59
2021-12-03,-0.00853695718454639,-0.017640141121128994,451.1,453.43,0,15:59
2021-12-06,0.0005261657860697877,0.006357836581676324,459.0,458.84,0,15:59
2021-12-07,0.006093753364484034,0.006158351456686972,467.31,468.29,0,15:59
2021-12-08,-0.001130859666716555,0.0017282949623402821,469.445,469.53,0,15:59
2021-12-09,0.00038450857667737814,-0.0027342832119282567,466.76,466.37,0,15:59
2021-12-10,-0.0018754528792465086,0.0005008311666168108,469.455,470.69,0,15:59
2021-12-13,-0.0034443901090723816,-0.005209108498288373,467.865,466.69,0,15:59
2021-12-14,0.0031747402976050054,0.001911323240394891,463.87,463.38,0,15:59
2021-12-15,-0.003840510917407558,0.013010270130318302,469.51,470.58,0,15:59
2021-12-16,-0.00366083331569933,-0.011448039443891833,467.165,466.51,0,15:59
2021-12-17,-0.0026644715464766433,0.00034659792474500684,461.79,459.85,0,15:59
2021-12-20,-0.0006822032965824176,-6.601967386288266e-05,454.35,455.09,0,15:59
2021-12-21,-0.0027467137531881347,0.007934950842543476,462.28,463.06,0,15:59
2021-12-22,0.0015130228034152537,0.008364854641737862,466.495,467.7,0,15:59
2021-12-23,0.0031573333333334563,0.005717333333333352,471.44,470.59,0,15:59
2021-12-27,0.0022665649889848094,0.008875614302660484,476.285,477.31,0,15:59
2021-12-28,0.0022607385079125297,-0.0015071590052750938,477.005,476.885,0,15:59
2021-12-29,0.0012998721093568921,0.0019812566828101286,477.94,477.48,0,15:59
2021-12-30,0.00039744796569385343,-0.0010040790712269043,477.57,476.18,0,15:59
2021-12-31,6.307158625040721e-05,0.0016819089666773035,476.45,474.9,0,15:59
2022-01-03,-0.0028972119583473566,0.0022778804165266564,477.42,477.75,0,15:59
2022-01-04,0.0009599131904594049,-0.0020241647711858324,478.25,477.47,0,15:59
2022-01-05,-4.190675746462702e-05,-0.014311157674174901,470.21,468.5,0,15:59
2022-01-06,-0.0017207105145031765,0.0024367825919673347,468.97,467.95,0,15:59
2022-01-07,0.0013890669743983342,-0.002201136897892808,466.95,465.99,0,15:59
2022-01-10,-0.007174965421853474,0.00019450207468874048,462.57,465.57,0,15:59
2022-01-11,-0.005008706120079975,0.009136051935768164,469.44,469.75,0,15:59
2022-01-12,0.0020885237211767382,-0.002258150013252025,470.41,471.1,0,15:59
2022-01-13,-6.351491541922716e-05,-0.012893527830118767,466.22,464.79,0,15:59
2022-01-14,0.006917788909851952,0.005464836380196347,463.76,464.58,0,15:59
2022-01-18,-0.003306504241896824,-0.005916902327604889,456.95,456.5,0,15:59
2022-01-19,0.002903169475246603,-0.007814546407054923,454.45,451.83,0,15:59
2022-01-20,0.006634778583551881,-0.006612736129785968,450.66,446.58,0,15:59
2022-01-21,-0.004465387636037099,-0.01606641983619428,438.505,438.01,0,15:59
2022-01-24,-0.006873886175851052,0.0022912953919504986,432.81,440.09,0,15:59
2022-01-25,-0.009224517127122911,0.0051375596014640035,435.49,434.49,0,15:59
2022-01-26,0.002301874383426439,-0.018086155869779574,432.93,433.11,0,15:59
2022-01-27,0.004723439211391067,-0.015311244979919758,431.84,431.315,0,15:59
2022-01-28,-0.009891151117376484,0.010445795105266997,437.24,441.95,0,15:59
2022-01-31,0.004419563936358228,0.013553329404832004,447.01,449.815,0,15:59
2022-02-01,-0.0020856445529177092,0.0035944086975816525,452.34,452.87,0,15:59
2022-02-02,-0.002041891713871702,0.004171606727264798,457.36,457.19,0,15:59
2022-02-03,-0.0013747838041597849,-0.005100004434786531,448.48,446.45,0,15:59
2022-02-04,0.0019938615946411,0.012276810717566145,451.96,448.75,0,15:59
2022-02-07,0.0010900758603813454,-0.0008119952837534195,449.23,447.24,0,15:59
2022-02-08,-0.0004252842689587144,0.007632733458680319,450.18,450.79,0,15:59
2022-02-09,0.00046131540793448167,0.003888229866877424,456.965,457.41,0,15:59
2022-02-10,0.008507621410847266,-0.003434065934065922,449.73,449.38,0,15:59
2022-02-11,-0.0004895742928989755,-0.018247769098960753,441.05,440.42,0,15:59
2022-02-14,0.00022729339030824747,-0.003159378125284107,438.465,438.89,0,15:59
2022-02-15,0.000518228110495178,0.0039655716281374875,445.55,445.99,0,15:59
2022-02-16,-0.0026578971078475844,0.007703396702405607,447.375,446.68,0,15:59
2022-02-17,-0.00584149036943471,-0.012900897649871346,437.59,436.98,0,15:59
2022-02-18,0.002309257607974846,-0.007202140064476281,434.17,434.27,0,15:59
2022-02-22,0.005161439648188715,-0.0007638004860548442,431.69,429.58,0,15:59
2022-02-23,-0.0032941122078641305,-0.020666219746179992,423.63,422.05,0,15:59
2022-02-24,0.0114827879819972,0.030847828731297877,423.96,428.31,0,15:59
2022-02-25,-0.0024209693188694814,0.016388100004655737,436.72,437.65,0,15:59
2022-02-28,0.005092710479409179,0.0039121275955462664,433.24,436.49,0,15:59
2022-03-01,-0.0006665287641636208,-0.01289388402399494,429.45,429.93,0,15:59
2022-03-02,0.0028909086704131948,0.01455861606420128,438.73,437.79,0,15:59
2022-03-03,-0.0019073569482288555,-0.008946412352406896,436.39,435.75,0,15:59
2022-03-04,0.00013896931094392606,-0.0023624782860450777,430.58,432.15,0,15:59
2022-03-07,-0.008215336840397658,-0.023035387360663684,421.47,419.47,0,15:59
2022-03-08,-0.0022637373111568104,-0.0014535576419005825,419.1,416.31,0,15:59
2022-03-09,-0.002422674350229248,0.008608726331883032,428.94,427.45,0,15:59
2022-03-10,0.0047331676724649,0.005561472015146007,424.91,425.48,0,15:59
2022-03-11,-0.0024056989372882587,-0.014480906224453971,421.92,420.07,0,15:59
2022-03-14,0.0009027200380091749,-0.008765886684879431,417.18,416.94,0,15:59
2022-03-15,0.0015009291466145935,0.014318387573259539,425.87,426.17,0,15:59
2022-03-16,0.004745399986042953,0.007141361743701946,432.97,435.67,0,15:59
2022-03-17,0.00569504968757939,0.0124391874755021,439.16,441.05,0,15:59
2022-03-18,0.002237238608346237,0.013663135786686098,444.05,444.35,0,15:59
2022-03-21,-0.0016191782670295085,-0.002721119032091268,443.56,444.39,0,15:59
2022-03-22,0.002656950672645708,0.006838565022421639,448.92,449.61,0,15:59
2022-03-23,-0.00179018976011458,-0.0026181525241676384,445.64,443.8,0,15:59
2022-03-24,-0.0006952231442027834,0.008297824624355243,449.64,450.42,0,15:59
2022-03-25,-0.0006982543640897676,-0.0022499307287336956,450.035,452.65,0,15:59
2022-03-28,0.0031409675064699716,0.005352916454688161,454.47,455.85,0,15:59
2022-03-29,-0.001630293017998441,0.0032062429353969524,461.52,461.59,0,15:59
2022-03-30,0.0011078045919585833,-0.0070160957490714715,457.04,458.63,0,15:59
2022-03-31,0.0,-0.005436681222707462,455.525,451.8,0,15:59
2022-04-01,-0.0022502647370278295,-0.004809389339922254,451.12,452.93,0,15:59
2022-04-04,0.003156245171827665,0.006621493367470865,456.06,456.71,0,15:59
2022-04-05,0.003668475276233929,-0.008391362607912511,451.4,451.23,0,15:59
2022-04-06,-0.002808485879246314,-0.002707783198317215,445.62,446.64,0,15:59
2022-04-07,0.002961566938143534,0.008009692400888557,449.33,448.71,0,15:59
2022-04-08,-0.004128542735996499,0.0017629993305066094,448.92,447.63,0,15:59
2022-04-11,-2.2514409221963128e-05,-0.007182096541786698,440.93,440.01,0,15:59
2022-04-12,0.00424235586144639,-0.01371995938169912,436.99,438.28,0,15:59
2022-04-13,0.002283157149706616,0.012511701180392354,443.5,443.33,0,15:59
2022-04-14,-0.003268857928671265,-0.009738942242661919,439.18,437.95,0,15:59
2022-04-18,0.0020600151067775574,0.00043489207809743746,436.93,438.01,0,15:59
2022-04-19,0.007877251866566182,0.016233988629358098,445.075,444.91,0,15:59
2022-04-20,-0.004340627377276585,-0.003344968004653892,445.475,444.71,0,15:59
2022-04-21,0.0015156580853672441,-0.020372227794494546,439.405,437.92,0,15:59
2022-04-22,-0.00583724390523066,-0.018999656632711526,428.56,426.05,0,15:59
2022-04-25,-0.00788368030968234,0.008591795307557826,427.1,428.56,0,15:59
2022-04-26,-0.004650507328072151,-0.01832018038331462,417.92,416.09,0,15:59
2022-04-27,0.00843659372528327,0.002324856793614938,418.165,417.19,0,15:59
2022-04-28,-0.004547176960970067,0.015441455096627532,428.79,427.75,0,15:59
2022-04-29,0.00486296357498639,-0.02254432142772833,414.01,411.91,0,15:59
2022-05-02,0.0009222629420189143,-0.00026697085163696066,411.9,414.6,0,15:59
2022-05-03,0.0007470059519507632,0.0037832236921371276,416.64,416.33,0,15:59
2022-05-04,-0.002361713860982606,0.023856906514494014,427.005,429.08,0,15:59
2022-05-05,-0.00699580722664539,-0.03391906534131073,410.03,414.2,0,15:59
2022-05-06,-0.011274080560420341,-0.006068787701887568,408.62,411.55,0,15:59
2022-05-09,-0.0004566773636138777,-0.013330041964947026,399.42,398.26,0,15:59
2022-05-10,-0.001531999011613605,-0.012330121077341216,399.66,399.08,0,15:59
2022-05-11,0.010551438261524826,-0.008717497801783769,394.71,392.72,0,15:59
2022-05-12,-0.002438899157937935,-0.0033374409529676186,388.11,392.39,0,15:59
2022-05-13,0.004536290322580738,0.014012096774193461,402.345,401.61,0,15:59
2022-05-16,-0.003399830008499416,0.002312384380781074,401.015,400.26,0,15:59
2022-05-17,-0.003394833948339504,0.003813038130381363,408.09,408.32,0,15:59
2022-05-18,-0.006108515989939001,-0.03127361938865281,390.83,391.94,0,15:59
2022-05-19,-0.0006433184941200265,0.00319085973083566,389.835,389.41,0,15:59
2022-05-20,-0.0010933685923514291,-0.0203671684296175,385.235,389.59,0,15:59
2022-05-23,-0.0018832391713747842,0.00814373695729631,396.04,396.96,0,15:59
2022-05-24,-0.00462343815673838,0.0004712595366371808,392.78,394.04,0,15:59
2022-05-25,0.00550584996558845,0.015803828604929793,398.63,397.4,0,15:59
2022-05-26,0.010011793340526376,0.016560861164780727,405.1,405.31,0,15:59
2022-05-27,0.007525432038239854,0.0157862483147444,414.35,415.35,0,15:59
2022-05-31,-0.005428015329005387,0.0017045660610015556,414.31,412.96,0,15:59
2022-06-01,-0.00043358866888276726,-0.0082381847087728,411.53,409.61,0,15:59
2022-06-02,-0.002931261908251437,0.01455860081098237,415.34,417.37,0,15:59
2022-06-03,0.0016486846890533258,-0.0036610498242211076,410.91,410.51,0,15:59
2022-06-06,0.0006750241080037966,-0.008944069431051194,410.96,411.69,0,15:59
2022-06-07,0.0039454982110473935,0.016713228446797013,414.71,415.75,0,15:59
2022-06-08,0.0033585425375117772,-0.004566651363954843,412.01,411.3,0,15:59
2022-06-09,0.005448060197400517,-0.011653474054529434,404.42,401.45,0,15:59
2022-06-10,-0.0036593858816080793,-0.00378600823045272,393.38,389.76,0,15:59
2022-06-13,-0.0002632340940798006,-0.012661559925241539,375.02,375.08,0,15:59
2022-06-14,0.0017511740826237077,-0.011873490939000697,372.46,373.83,0,15:59
2022-06-15,0.0031934487921874144,0.013184570739528612,382.29,379.2,0,15:59
2022-06-16,-0.004615260046962222,-0.009581387816793074,366.78,367.08,0,15:59
2022-06-17,0.007989711877855799,0.006785782690781561,367.96,365.81,0,15:59
2022-06-21,0.007986662005539547,0.011065695000941123,375.98,375.12,0,15:59
2022-06-22,0.007960709177753156,0.014005451061877672,375.61,374.33,0,15:59
2022-06-23,0.0009291953168555356,0.0007964531287334431,376.96,378.23,0,15:59
2022-06-24,0.006082214765100735,0.017407718120805438,388.09,390.07,0,15:59
2022-06-27,-0.007697028588963262,-0.005676878228404902,388.67,388.67,0,15:59
2022-06-28,0.004639122411318475,-0.022119130613081905,381.34,380.83,0,15:59
2022-06-29,-0.000419694147889782,0.0006557721060775901,381.49,380.43,0,15:59
2022-06-30,-0.007733397113928175,0.00308272874644544,377.4,377.285,0,15:59
2022-07-01,0.005895005178045087,0.009559467856289361,380.2,381.11,0,15:59
2022-07-05,-0.00645727040816324,0.012794961734693855,381.1,381.98,0,15:59
2022-07-06,-0.0002486227607595426,0.008126038654296508,385.28,383.31,0,15:59
2022-07-07,0.005659985460587658,0.010099698826461667,389.03,388.84,0,15:59
2022-07-08,-0.0025434451416322945,0.005822810958762581,389.55,388.55,0,15:59
2022-07-11,-0.0032396008811714783,-0.0041726059349488365,384.21,384.19,0,15:59
2022-07-12,0.00036493496337608455,-0.008810572687224627,380.215,380.9,0,15:59
2022-07-13,0.006290313982621809,0.013380244149474807,380.38,378.86,0,15:59
2022-07-14,-0.003452798372634569,0.01292791948823635,378.5,377.955,0,15:59
2022-07-15,-0.003188792179617761,0.004077471967380175,384.16,384.92,0,15:59
2022-07-18,-0.00012873657921164128,-0.014521486135070427,382.63,382.02,0,15:59
2022-07-19,0.0017608369154280545,0.014889429799575415,391.94,392.17,0,15:59
2022-07-20,-0.0024590999439376704,0.008460323123184343,395.74,394.86,0,15:59
2022-07-21,0.002232709189628146,0.008791292434160436,397.495,398.84,0,15:59
2022-07-22,-0.0021439855563079036,-0.009829734948218372,394.9,395.13,0,15:59
2022-07-25,-0.0009852465642683494,-0.005633589329021693,393.605,395.49,0,15:59
2022-07-26,-0.001244539266483824,-0.007479934979173097,390.78,390.79,0,15:59
2022-07-27,0.0022308413821077178,0.02099018936801267,402.81,401.02,0,15:59
2022-07-28,-0.00637006071464119,0.011321787598288058,406.47,405.92,0,15:59
2022-07-29,0.003557234679358201,0.012413522398312171,412.675,412.13,0,15:59
2022-08-01,0.004838946185053095,0.003812503054890337,410.68,410.77,0,15:59
2022-08-02,-0.001148779116662113,0.0006354948304938546,409.33,408.13,0,15:59
2022-08-03,0.0029978064830611384,0.011089446746283205,414.81,414.39,0,15:59
2022-08-04,0.00019305485170995063,0.00047057120104243566,414.59,414.17,0,15:59
2022-08-05,0.00568708811325358,0.006980717598242592,412.5,413.43,0,15:59
2022-08-08,0.004503528165113346,-0.0058040122341834754,412.665,412.92,0,15:59
2022-08-09,-0.0026320258108338823,-0.0018436309827037922,411.45,411.38,0,15:59
2022-08-10,-0.0013610965184583934,0.0013491570753141335,419.35,419.82,0,15:59
2022-08-11,0.000827403607479793,-0.007257511642750791,419.95,420.02,0,15:59
2022-08-12,0.001267652355226856,0.010235996588001228,426.33,427.03,0,15:59
2022-08-15,0.005178663904712666,0.010333788428040114,429.21,428.9,0,15:59
2022-08-16,0.00161316718490645,0.00409136604867566,429.5,429.72,0,15:59
2022-08-17,0.002394591041412486,0.00285238050521186,427.165,426.67,0,15:59
2022-08-18,-0.0019912851988943547,0.0034788923768918067,428.35,427.82,0,15:59
2022-08-19,-0.004177945157114338,-0.006060962692715166,422.31,422.19,0,15:59
2022-08-22,-0.0018823134471513958,-0.009267696144254822,413.18,413.41,0,15:59
2022-08-23,0.0025191357426606054,0.0005086716403450708,413.1,412.3,0,15:59
2022-08-24,0.0006552920903819537,0.004307938742324602,413.79,413.66,0,15:59
2022-08-25,0.0027214488704783157,0.005370646885987984,417.45,419.52,0,15:59
2022-08-26,-0.0007867257903018121,-0.029442616697658797,407.11,405.35,0,15:59
2022-08-29,0.0017900651384814559,0.004872955099199494,404.13,402.63,0,15:59
2022-08-30,-0.004975617001262589,-0.01354060945119695,398.55,398.17,0,15:59
2022-08-31,-0.0005501100220044464,-0.008051610322064473,396.69,395.11,0,15:59
2022-09-01,-2.5455656246786695e-05,0.0030928622339885248,394.0,396.33,0,15:59
2022-09-02,-0.0056212056861618676,-0.01901216678741835,392.53,392.19,0,15:59
2022-09-06,-0.0037135953198523808,-0.005544957395396066,390.85,390.83,0,15:59
2022-09-07,0.003432289131938049,0.020773033477625935,398.47,397.82,0,15:59
2022-09-08,0.004831284464005714,0.009611979561896078,399.15,400.375,0,15:59
2022-09-09,0.0037369022197943913,0.010838257933157847,407.1,406.51,0,15:59
2022-09-12,0.005528781466350274,0.0033025906989261333,410.07,411.02,0,15:59
2022-09-13,-0.0022025883524141587,-0.01896465903434541,394.19,393.03,0,15:59
2022-09-14,0.0016479058918972278,-0.006084575600851738,392.02,394.53,0,15:59
2022-09-15,0.0055093264116852225,-0.009873527241265334,389.02,390.19,0,15:59
2022-09-16,-0.004139115947310756,0.001926381006924549,384.91,385.58,0,15:59
2022-09-19,0.006749156355455588,0.014897847071441594,388.12,388.515,0,15:59
2022-09-20,-0.0031553114409255123,-0.002376222196252664,384.12,384.22,0,15:59
2022-09-21,0.00023308815912148617,-0.01152491453434168,381.495,377.39,0,15:59
2022-09-22,-0.004381539115194566,-0.0014074034733654317,376.1,374.29,0,15:59
2022-09-23,-0.007448387532046907,-0.01171231952503049,366.2,368.19,0,15:59
2022-09-26,0.005840292560449711,-0.0026199443261831767,365.47,364.33,0,15:59
2022-09-27,0.0010054074617538156,-0.013586587320996713,363.18,363.395,0,15:59
2022-09-28,4.116807552967394e-05,0.017812054012515066,370.885,370.52,0,15:59
2022-09-29,-0.009814345301382255,-0.015075924865734391,361.2,362.76,0,15:59
2022-09-30,0.0032328479456216197,-0.005084136940123329,360.07,357.21,0,15:59
2022-10-03,-0.0011356082428540804,0.01934688677154872,368.045,366.66,0,15:59
2022-10-04,0.009773911175554373,0.011277589817947353,376.53,377.99,0,15:59
2022-10-05,0.0021960952355446484,0.013658641099118851,378.49,377.19,0,15:59
2022-10-06,0.0015707782007932103,-0.003035062964244828,374.47,373.19,0,15:59
2022-10-07,-0.009485094850948506,-0.02009485094850949,361.58,362.75,0,15:59
2022-10-10,-0.006319202132043844,-0.008984256944253755,360.65,360.08,0,15:59
2022-10-11,-0.004550022331397896,-0.0031543099598034807,357.07,357.86,0,15:59
2022-10-12,0.0019256530475553202,-0.0019814690779190736,357.53,356.52,0,15:59
2022-10-13,0.00790355373557472,0.048437902694653756,366.045,366.08,0,15:59
2022-10-14,-0.005128065986542141,-0.02669850227914039,358.63,357.68,0,15:59
2022-10-17,0.005109890109890047,0.008159340659340764,366.985,366.86,0,15:59
2022-10-18,-0.005598059339429029,-0.01495481566390322,369.59,371.19,0,15:59
2022-10-19,0.0007601878750034263,-0.0016153992343821422,367.72,368.53,0,15:59
2022-10-20,0.0028802782457475473,-0.007363730232052501,365.28,365.4,0,15:59
2022-10-21,0.010845749342681898,0.0260736196319018,374.58,374.3,0,15:59
2022-10-24,0.004495756963102782,0.010002394190098629,379.57,378.77,0,15:59
2022-10-25,0.008974054425000544,0.015533032438567185,384.8,384.83,0,15:59
2022-10-26,0.00034065300560759404,0.0018604894921649962,382.41,382.13,0,15:59
2022-10-27,-0.005348570235858774,-0.006731371321227253,380.62,380.07,0,15:59
2022-10-28,0.00697607076104978,0.024008213336141226,388.8,388.99,0,15:59
2022-10-31,-0.002342132505175898,0.0006081780538302883,386.6,386.22,0,15:59
2022-11-01,-0.005216009432390423,-0.013802560586448576,384.835,384.51,0,15:59
2022-11-02,-0.003880511498294159,-0.017957132067609516,377.015,375.02,0,15:59
2022-11-03,-0.006057995207452649,0.004819471742817827,373.2,371.035,0,15:59
2022-11-04,-0.005039787798408413,-0.006485411140583541,374.55,376.14,0,15:59
2022-11-07,-0.0047640473228700575,0.006246195378874164,380.085,380.01,0,15:59
2022-11-08,-0.0015743486132613338,0.004591850122011909,382.81,381.93,0,15:59
2022-11-09,-0.003040513860004812,-0.012004106668070613,375.29,374.17,0,15:59
2022-11-10,0.00427824025154,0.014020257209865772,393.455,394.485,0,15:59
2022-11-11,-0.0011120940224945697,0.0072917983065843295,398.525,398.5,0,15:59
2022-11-14,0.001046209695716671,0.0028991353013838594,397.82,394.92,0,15:59
2022-11-15,0.0011467032282188594,-0.005509161161660225,398.785,398.53,0,15:59
2022-11-16,-0.00105860113421552,-0.0037051039697543198,395.315,395.51,0,15:59
2022-11-17,-0.0003585330874822379,0.004046301987297607,392.05,394.32,0,15:59
2022-11-18,-0.004802615036459512,-0.004526024641689719,396.0,396.23,0,15:59
2022-11-21,0.0014062559385807916,-0.0008614901245360684,394.26,394.56,0,15:59
2022-11-22,-0.0018656246060757553,0.007147359132736675,399.445,399.87,0,15:59
2022-11-23,0.004329762739012866,0.007095304835318839,402.33,402.24,0,15:59
2022-11-28,0.0019418935341208865,-0.009684410979841962,395.23,395.9,0,15:59
2022-11-29,-0.0009847241509910454,-0.00282792576694868,395.03,395.325,0,15:59
2022-11-30,-0.0006447616278334456,0.02509513394606766,405.425,407.45,0,15:59
2022-12-01,0.0007583355757234678,-0.0034492037476455684,407.295,407.41,0,15:59
2022-12-02,0.0020383052237784582,0.011148535278837635,406.81,406.855,0,15:59
2022-12-05,-0.001275289106802302,-0.012740509620384755,398.68,399.61,0,15:59
2022-12-06,-0.005558198342555332,-0.018201847725395015,392.105,393.93,0,15:59
2022-12-07,-5.091260850742518e-05,-7.636891276119329e-05,392.84,393.11,0,15:59
2022-12-08,0.002683204657638383,0.0028097709150740613,396.255,396.135,0,15:59
2022-12-09,0.0015951790145338762,0.0013419759963539946,395.35,393.295,0,15:59
2022-12-12,0.0012179340793179172,0.010174824287635387,398.185,398.905,0,15:59
2022-12-13,-0.002559103095296167,-0.020911528150133973,401.695,402.03,0,15:59
2022-12-14,0.005527475537186133,-0.007195677613724083,398.69,399.39,0,15:59
2022-12-15,-0.006923135444931838,-0.009243526995156293,390.57,389.81,0,15:59
2022-12-16,0.0018953162322150607,-0.00282999273029394,384.255,383.35,0,15:59
2022-12-19,-0.003063605668322311,-0.01229353253288501,378.81,380.0,0,15:59
2022-12-20,0.002241679413470976,0.004944881059127493,381.01,380.49,0,15:59
2022-12-21,-0.0003391864742869899,0.005948808933649907,385.57,386.13,0,15:59
2022-12-22,-0.0037074750006527157,-0.007153860212527063,380.32,380.73,0,15:59
2022-12-23,-0.0033187588895328135,0.006321445503871814,382.13,382.75,0,15:59
2022-12-27,-0.006320518178019263,-0.0023767237776848305,381.985,381.335,0,15:59
2022-12-28,0.001861904387276292,-0.011145202318202041,377.075,376.69,0,15:59
2022-12-29,0.004977745002501921,0.009836972266849209,383.425,383.37,0,15:59
2022-12-30,-0.0007881048704880822,-0.000932590763411012,380.33,382.47,0,15:59
2023-01-03,-0.006921135482527929,-0.01045976114276792,380.37,380.92,0,15:59
2023-01-04,0.00013048016701455722,-0.001122129436325725,382.72,383.75,0,15:59
2023-01-05,-0.003787084600062829,-0.005110598595240545,379.505,379.34,0,15:59
2023-01-06,-0.005147500718559628,0.014802330746518377,388.385,388.01,0,15:59
2023-01-09,0.0031123919308355674,-0.005238552673711205,388.36,387.9,0,15:59
2023-01-10,0.003150745073732697,0.005965755016657637,389.51,390.6,0,15:59
2023-01-11,-0.00016565574188287524,0.005606809725266393,394.58,395.55,0,15:59
2023-01-12,-0.007763270655845145,-0.0001512325452437402,396.71,397.03,0,15:59
2023-01-13,0.002895973580592015,0.01176171726152675,398.32,398.49,0,15:59
2023-01-17,7.52785305631054e-05,-0.0013550135501354532,397.905,397.75,0,15:59
2023-01-18,0.0008768853034024637,-0.0158465701257704,392.795,391.59,0,15:59
2023-01-19,0.00023126734505085622,0.0027752081406104967,390.3,388.57,0,15:59
2023-01-20,-0.0005898192075906028,0.013411975894345396,395.23,395.89,0,15:59
2023-01-23,0.002608235472002507,0.007534902474673588,399.915,400.59,0,15:59
2023-01-24,-0.0014039310068191257,0.004186722823906974,400.56,400.21,0,15:59
2023-01-25,-0.003498976833489098,0.01040850870323129,399.99,400.245,0,15:59
2023-01-26,-0.004389772079065435,0.0017856699982639057,403.81,404.75,0,15:59
2023-01-27,0.0030094369999751347,0.009573229633666136,407.62,405.68,0,15:59
2023-01-30,0.004009981501942983,-0.005152143415808941,400.66,400.63,0,15:59
2023-01-31,0.0005235341045073394,0.00640706023135218,403.755,406.5,0,15:59
2023-02-01,0.0025919526042952334,0.01525549247099467,411.255,410.65,0,15:59
2023-02-02,-0.00313366276967586,0.0009642039291308802,415.32,416.73,0,15:59
2023-02-03,0.004835378447333172,0.002162556190013376,412.49,412.31,0,15:59
2023-02-06,0.0009760382606998075,-0.0015860621736371039,409.16,409.95,0,15:59
2023-02-07,0.00036684682922061285,0.014160287607914102,414.665,415.25,0,15:59
2023-02-08,0.0024083262737504274,-0.006317318165315111,410.47,410.7,0,15:59
2023-02-09,-0.0027744270205065646,-0.018673100120627284,406.76,407.15,0,15:59
2023-02-10,0.0008129280189190791,0.0029437847957825003,407.245,408.01,0,15:59
2023-02-13,0.0036451707603484262,0.007755161953224343,411.94,412.74,0,15:59
2023-02-14,0.005228090652660278,0.00449858963135874,413.095,412.72,0,15:59
2023-02-15,-0.0006334665237306414,0.005628106422375989,412.83,413.955,0,15:59
2023-02-16,0.00025683674966980874,0.0012964140697617754,409.31,408.27,0,15:59
2023-02-17,-0.002980515801660366,0.001391728452841301,406.535,407.255,0,15:59
2023-02-21,-0.0014140411808485354,-0.008744728355246867,399.59,399.06,0,15:59
2023-02-22,0.0004130059322671187,-0.004843433205676928,397.55,398.53,0,15:59
2023-02-23,0.0005229995268101195,-0.0002988568724626717,401.34,400.6,0,15:59
2023-02-24,-0.002225594334850811,0.0025290844714214167,396.46,396.44,0,15:59
2023-02-27,0.0009751950390077813,-0.005701140228045687,397.635,397.695,0,15:59
2023-02-28,8.80968562007034e-05,-0.0004530695461752998,397.03,396.26,0,15:59
2023-03-01,0.0017704486822802679,-0.0030224088218928635,394.185,394.715,0,15:59
2023-03-02,0.001451526649519863,0.01208332272275836,397.51,397.83,0,15:59
2023-03-03,0.0019013784994121874,0.01073278126641819,404.01,404.175,0,15:59
2023-03-06,0.00155505640164888,-0.002456001777207284,404.135,404.45,0,15:59
2023-03-07,1.2363537455373219e-05,-0.015256605219885588,398.25,398.29,0,15:59
2023-03-08,0.0007529931477623375,-0.002986872819457309,397.19,398.87,0,15:59
2023-03-09,0.002726772402061206,-0.020700955621153816,391.5,391.65,0,15:59
2023-03-10,-0.004706123075349233,-0.01066550718706838,386.7,385.885,0,15:59
2023-03-13,0.00990099009900991,0.011066582848761053,385.89,385.33,0,15:59
2023-03-14,0.0017414018284720445,-0.0058388178954646985,388.2,391.68,0,15:59
2023-03-15,-0.00037592035673550406,0.00777766255314738,388.55,389.29,0,15:59
2023-03-16,0.0040181916845396515,0.02330809581642934,395.995,396.03,0,15:59
2023-03-17,-0.001068158697863697,-0.006180061037639906,390.75,390.12,0,15:59
2023-03-20,0.002046978148508183,0.005578015454684948,392.96,393.58,0,15:59
2023-03-21,0.0015606907315108831,0.0024417258218798477,398.245,398.88,0,15:59
2023-03-22,-0.0002257138199557307,0.0005392052365604805,398.99,392.19,0,15:59
2023-03-23,0.002126151665485576,-0.00830211602713371,391.76,393.29,0,15:59
2023-03-24,-0.0003573160460427216,0.009290217197110762,395.6,395.7,0,15:59
2023-03-27,-0.00022605681561294055,-0.0010549318061939816,397.66,396.42,0,15:59
2023-03-28,-0.0005559205538990808,-0.0027543336534089358,394.605,395.695,0,15:59
2023-03-29,-0.0002750481334233834,0.0032630710374315086,401.215,401.33,0,15:59
2023-03-30,7.424639904951569e-05,-0.0014849279809929783,403.455,403.63,0,15:59
2023-03-31,0.0020015814964911005,0.010600968666600874,408.93,409.37,0,15:59
2023-04-03,0.0030327487954606713,0.004793699708953936,410.81,411.01,0,15:59
2023-04-04,-0.0015305750589149625,-0.009304924564515038,407.785,408.7,0,15:59
2023-04-05,0.0011522996959891785,-0.0017161910365793842,407.24,407.63,0,15:59
2023-04-06,-0.001647122452491434,0.005187206529488453,408.9,409.22,0,15:59
2023-04-10,-0.00094687653713732,0.005250860796851997,408.84,409.68,0,15:59
2023-04-11,-0.001487369550375539,0.0020969472349556817,411.03,409.695,0,15:59
2023-04-12,-0.0027796659545543667,-0.01053602641289575,407.56,408.04,0,15:59
2023-04-13,-0.0005376212702523642,0.010679113413650798,413.58,413.4,0,15:59
2023-04-14,0.004771708853094303,-0.0025917403415285367,411.705,412.495,0,15:59
2023-04-17,0.000557738008632791,0.002764440564527737,413.47,413.94,0,15:59
2023-04-18,-0.002297716719197318,-0.0037533383057045677,414.05,414.215,0,15:59
2023-04-19,0.00016981635574109255,0.005555420780670062,414.45,414.26,0,15:59
2023-04-20,0.0012403327010068743,-0.0020064205457464013,410.375,411.835,0,15:59
2023-04-21,-0.002644924898692169,-0.0006794302492053594,411.845,412.16,0,15:59
2023-04-24,0.0017233846303217337,0.0008131462692362312,412.3,412.63,0,15:59
2023-04-25,-0.0006819787125215138,-0.008938792410551177,406.9,406.12,0,15:59
2023-04-26,0.00019668100799008492,-0.0060602335586968925,404.32,404.37,0,15:59
2023-04-27,0.0014619523821224334,0.013120715496695246,412.285,412.38,0,15:59
2023-04-28,0.002624671916010568,0.008335763585107347,414.91,415.9,0,15:59
2023-05-01,0.002166169250024108,0.0006739193222295992,415.8,415.56,0,15:59
2023-05-02,-0.0023385327515128562,-0.008221027507895662,411.33,410.825,0,15:59
2023-05-03,0.0019082113860664496,-0.00622295687685348,408.82,407.96,0,15:59
2023-05-04,-0.0032193060060945466,-0.003981126511353628,405.225,404.965,0,15:59
2023-05-05,0.0032048145611116574,0.010544084548390176,413.065,412.68,0,15:59
2023-05-08,-0.002106741573033699,-0.0009201859744285557,412.525,412.8,0,15:59
2023-05-09,0.0010944910616563774,0.0008026267785481433,411.46,410.94,0,15:59
2023-05-10,-0.003358461389774803,-0.0016429883057891281,413.215,412.68,0,15:59
2023-05-11,-0.004090153289721177,3.6410860146052215e-05,411.9,412.08,0,15:59
2023-05-12,-0.0010642672278257104,-0.007353119028614352,410.46,411.61,0,15:59
2023-05-15,-0.003517112571858272,0.0011157736434861398,412.765,413.02,0,15:59
2023-05-16,-0.0007284205414592737,-0.00033992958601447576,411.7,410.28,0,15:59
2023-05-17,-0.003831789300092092,0.0055294174710192046,414.65,415.14,0,15:59
2023-05-18,0.0003976286871023582,0.006771737034894976,417.8,419.215,0,15:59
2023-05-19,0.0008091385054735944,-0.00478343645882906,418.21,418.58,0,15:59
2023-05-22,0.0005969436485195878,0.0005969436485195878,419.04,418.77,0,15:59
2023-05-23,0.0014385384449400185,-0.005622287755640221,414.765,414.135,0,15:59
2023-05-24,-0.0030794597609176133,-0.0009577847287893793,412.02,410.985,0,15:59
2023-05-25,-0.0038096156628248945,0.001326132034527694,415.285,414.62,0,15:59
2023-05-26,0.004069053523704014,0.011593190956588728,420.165,419.96,0,15:59
2023-05-30,-0.0016349548610288256,-0.004146624647536901,420.275,420.135,0,15:59
2023-05-31,-0.00021517716253038888,-0.00011954286807247527,418.21,417.86,0,15:59
2023-06-01,-0.002427039370643591,0.008715821188173267,421.86,421.79,0,15:59
2023-06-02,-0.0005181591219557413,0.008266993263931433,428.095,427.735,0,15:59
2023-06-05,-4.6697331247624874e-05,-0.0025917018842372963,427.14,427.1,0,15:59
2023-06-06,-0.00023437316895968952,0.0034218482668104677,428.12,428.03,0,15:59
2023-06-07,0.0018438127246418468,-0.003594267842972454,426.87,426.57,0,15:59
2023-06-08,-0.0004102540058373849,0.0057318345386987435,428.945,429.17,0,15:59
2023-06-09,0.0020228794642858094,0.0002092633928572063,430.115,429.99,0,15:59
2023-06-12,-3.480884144568819e-05,0.005406973371236301,433.29,433.82,0,15:59
2023-06-13,0.0007119726235043089,0.0021244344411013305,436.335,436.67,0,15:59
2023-06-14,0.0009151223976207046,-0.0010981468771448233,436.66,437.14,0,15:59
2023-06-15,0.005293551491819093,0.015479627847289068,443.18,442.59,0,15:59
2023-06-16,-0.004175035544221606,-0.00797770305341794,439.585,439.28,0,15:59
2023-06-20,-0.0003886336099490073,9.144320234089065e-05,437.495,437.24,0,15:59
2023-06-21,-0.002223750573131511,-0.0010774873911049143,435.78,434.85,0,15:59
2023-06-22,0.0016820664070600344,0.0036636788866102332,435.53,436.57,0,15:59
2023-06-23,0.0011779379157428327,0.00035800073909841856,433.145,433.16,0,15:59
2023-06-26,0.0037906804733727206,-1.1556952662750142e-05,432.63,431.4,0,15:59
2023-06-27,0.0008094544277157389,0.0099794167302667,436.69,436.14,0,15:59
2023-06-28,-9.193500195348037e-05,0.0005745937622101405,435.3,436.34,0,15:59
2023-06-29,0.001525439280634977,0.003991374959856797,437.59,438.14,0,15:59
2023-06-30,0.0019141899238854787,0.0057878760420442266,444.015,443.22,0,15:59
2023-07-05,0.0028963863055233574,0.004039101215124408,443.74,443.14,0,15:59
2023-07-06,-0.0025376089578734717,0.000796558865700181,439.74,439.69,0,15:59
2023-07-07,0.003488133506600155,0.0037617126051570082,440.24,438.52,0,15:59
2023-07-10,0.002076724708459876,0.0019397978046054032,438.995,439.65,0,15:59
2023-07-11,-0.00018163035951457296,0.0024179541610380717,441.46,442.5,0,15:59
2023-07-12,0.0011424219345010922,-0.0017696339769723846,445.64,446.0,0,15:59
2023-07-13,0.0010828430770604136,0.004242065662711125,449.76,449.61,0,15:59
2023-07-14,0.0009209942299155394,-0.00330670217487794,449.115,449.33,0,15:59
2023-07-17,0.0011132634203905312,0.005377062320486292,451.535,450.86,0,15:59
2023-07-18,0.0021974119370520295,0.008789647748207674,454.45,454.22,0,15:59
2023-07-19,0.0018452616317383708,0.0015816528272043495,455.755,455.05,0,15:59
2023-07-20,0.0014312136691914112,-0.00583494803593454,451.54,452.26,0,15:59
2023-07-21,-0.0024232811226401196,-0.002808803119423775,452.695,452.2,0,15:59
2023-07-24,-0.0006175834840530525,0.00023159380652004735,453.495,454.19,0,15:59
2023-07-25,0.001828395197708943,0.004471858134155848,455.94,455.36,0,15:59
2023-07-26,0.000638063806380762,-1.100110010998634e-05,454.505,455.505,0,15:59
2023-07-27,-0.0002831750457436,-0.013799337806046807,452.77,452.5,0,15:59
2023-07-28,0.00066918984147879,0.0018978662717350492,456.63,456.91,0,15:59
2023-07-31,-0.000896351194770606,-0.0015850112590455323,456.75,457.81,0,15:59
2023-08-01,0.000986150070126257,0.000810834502103841,456.655,456.44,0,15:59
2023-08-02,-0.0006067291781577389,-0.008483177054605662,449.46,450.16,0,15:59
2023-08-03,0.0012719949120203466,0.0026109369246734015,449.205,448.88,0,15:59
2023-08-04,-0.0007210925106222454,-0.00795420507871003,447.165,446.79,0,15:59
2023-08-07,-0.0005126033564376575,0.0024070070650115127,449.715,450.68,0,15:59
2023-08-08,-0.0033256701560162583,0.0013838359038458314,448.625,448.86,0,15:59
2023-08-09,-0.001358483842950231,-0.002739237912834258,447.795,445.74,0,15:59
2023-08-10,0.006615424089960964,-0.004484655116634428,446.06,445.88,0,15:59
2023-08-11,0.0005856383457969461,0.004302189386431232,445.825,445.36,0,15:59
2023-08-14,0.000876798561151082,0.0045188848920862945,446.835,448.1,0,15:59
2023-08-15,-0.002274305944565236,-0.008144928185709,442.63,442.93,0,15:59
2023-08-16,0.0023052410332904394,-0.005333694939769984,440.115,439.62,0,15:59
2023-08-17,-0.0015869417365678151,-0.009737021083654485,436.83,436.26,0,15:59
2023-08-18,0.002169547856994525,0.006531723867334582,436.07,436.39,0,15:59
2023-08-21,0.002742794450412589,0.004251331398139602,439.41,439.32,0,15:59
2023-08-22,-0.003321129410697954,-0.0059281593235324115,438.43,438.11,0,15:59
2023-08-23,0.0025270347182697606,0.008947068867387609,443.17,442.98,0,15:59
2023-08-24,0.0001573564122738791,-0.013836124536360628,438.745,436.92,0,15:59
2023-08-25,0.0010031919744641904,0.005312357501140008,440.93,439.98,0,15:59
2023-08-28,0.0005086814975583387,-0.0011869234943027163,441.795,442.78,0,15:59
2023-08-29,0.0024734303881817077,0.014558227261946444,449.11,449.19,0,15:59
2023-08-30,0.0037374029498786765,0.0030700095659719207,450.95,450.96,0,15:59
2023-08-31,0.001727000996346817,-0.0011291929591498162,451.15,450.2,0,15:59
2023-09-01,-0.0018646424079264978,-0.004777456583622053,451.02,451.18,0,15:59
2023-09-05,-0.002374190112718555,-0.001852755835626163,449.85,449.26,0,15:59
2023-09-06,-0.001115001226501322,-0.005809156390072068,445.845,446.24,0,15:59
2023-09-07,0.0008576716471808687,0.0042319324696429295,444.935,444.88,0,15:59
2023-09-08,0.0020679269032795045,-0.0005956528580097764,444.63,445.58,0,15:59
2023-09-11,-0.0027883735974481016,0.0006580561689977227,448.57,448.54,0,15:59
2023-09-12,0.0016558143697835703,-0.002886487212190425,445.64,446.01,0,15:59
2023-09-13,0.0019390271239632106,-0.0002914144810580721,446.02,446.46,0,15:59
2023-09-14,-0.0004453549478934393,0.00278346842433419,450.305,450.4,0,15:59
2023-09-15,-0.0020682176435734556,-0.007892765710069471,443.745,443.305,0,15:59
2023-09-18,5.642831347052457e-05,0.001105994944023081,443.47,443.63,0,15:59
2023-09-19,-0.0013324901757080232,-0.0006775373774785542,442.47,442.62,0,15:59
2023-09-20,0.0002027118338663314,-0.00718500833370872,440.875,438.52,0,15:59
2023-09-21,-0.0033738036767574364,-0.008250900828532637,432.115,431.3,0,15:59
2023-09-22,-0.00013873473917869195,0.0003583980762116301,432.645,430.28,0,15:59
2023-09-25,0.003355626500128217,0.004497471628644112,430.94,432.23,0,15:59
2023-09-26,-0.0009321836401772199,-0.009065485900722536,425.27,425.84,0,15:59
2023-09-27,-0.000468296337922558,-0.0013346445630795234,426.505,425.925,0,15:59
2023-09-28,0.002678823197668878,0.009704859479274353,429.695,428.51,0,15:59
2023-09-29,-0.0007644374435358259,-0.009497556116657813,427.535,427.3,0,15:59
2023-10-02,0.0003984997655883671,-0.0019221753398970254,425.745,427.36,0,15:59
2023-10-03,0.00249294449670745,-0.010747883349012222,420.64,421.68,0,15:59
2023-10-04,0.0010661738574169188,0.005496718553794411,424.455,424.705,0,15:59
2023-10-05,-0.0007775316903069207,0.0010838320531547652,424.845,424.31,0,15:59
2023-10-06,-0.0006040292302772476,0.020347494463065274,430.765,429.44,0,15:59
2023-10-09,0.003111183887342328,0.011158155746333165,432.25,432.24,0,15:59
2023-10-10,0.001131587455544869,0.0039951965267193135,434.745,434.47,0,15:59
2023-10-11,-0.0004590525156077385,-0.0006426735218509894,435.375,436.33,0,15:59
2023-10-12,-0.0032046880007325917,-0.007897266858947871,433.405,433.68,0,15:59
2023-10-13,0.0017920323484814649,-0.009557505858567183,431.12,431.625,0,15:59
2023-10-16,0.0011756298840506219,0.007099882437011651,436.825,436.04,0,15:59
2023-10-17,5.77674053192645e-05,0.0062735402176676835,435.495,436.11,0,15:59
2023-10-18,-0.00010367469185579292,-0.008270936528049888,430.52,430.24,0,15:59
2023-10-19,-0.0005569867019424857,-0.0095616050500128,426.83,426.43,0,15:59
2023-10-20,-0.001761018103266121,-0.008358965930169715,422.37,421.25,0,15:59
2023-10-23,0.002550412356390419,0.003480001906850383,421.05,420.52,0,15:59
2023-10-24,0.0025787219948425477,0.003241145993517769,424.11,423.56,0,15:59
2023-10-25,-0.004171505771373152,-0.009504396672276205,417.97,417.62,0,15:59
2023-10-26,-0.002713345819526425,-0.005522739278682076,414.175,412.6,0,15:59
2023-10-27,-0.003076848824161038,-0.00942360365360706,410.405,410.76,0,15:59
2023-10-30,0.0031917980462325968,0.006480317245381562,416.27,415.64,0,15:59
2023-10-31,-0.0033159526155176478,0.0049979575654179875,418.25,418.18,0,15:59
2023-11-01,0.0006558784597587852,0.008431019473627677,422.79,422.66,0,15:59
2023-11-02,0.0021331458040318996,0.008579465541490805,430.25,430.69,0,15:59
2023-11-03,0.0038440670922461617,0.005379385180140028,435.42,434.72,0,15:59
2023-11-06,-9.185266832001382e-05,-0.00105630568568027,435.04,435.69,0,15:59
2023-11-07,-0.00026396731396050033,0.0035348666391221695,437.22,436.89,0,15:59
2023-11-08,0.0005028571428571382,-0.0013257142857142634,436.915,437.43,0,15:59
2023-11-09,-0.0011633742415255721,-0.010595830101738146,433.77,433.88,0,15:59
2023-11-10,-0.0007568980939929304,0.00995435675130163,440.375,440.72,0,15:59
2023-11-13,-0.0007741171649097156,0.0035290635459119812,440.755,440.17,0,15:59
2023-11-14,0.0037414584966952713,0.007886187969082581,449.89,448.66,0,15:59
2023-11-15,-0.0008217109354178298,-0.00044416807319891394,450.09,449.69,0,15:59
2023-11-16,0.0025154432633980317,0.0009015526740496771,449.61,450.25,0,15:59
2023-11-17,-0.0002221086999978361,0.0018657130799812904,451.09,450.74,0,15:59
2023-11-20,0.003361959922774771,0.009852872644963817,455.02,454.26,0,15:59
2023-11-21,-0.00089357618012742,0.00020960428916549922,453.295,453.28,0,15:59
2023-11-22,-5.494565874342161e-05,0.0005824239826810462,455.28,455.0,0,15:59
2023-11-27,-0.00045085662759236644,0.000494842640040627,454.97,454.515,0,15:59
2023-11-28,-0.0009250693802034249,0.0008039293423196536,454.43,454.87,0,15:59
2023-11-29,0.002154748102290327,-0.005818913656946534,454.41,454.66,0,15:59
2023-11-30,-0.0005598858272038987,-0.0029201888242397223,454.11,456.28,0,15:59
2023-12-01,0.0009216994382021948,0.0073735955056180025,459.04,458.99,0,15:59
2023-12-04,0.0010097905782149308,0.0010097905782149308,456.035,456.59,0,15:59
2023-12-05,0.0004832828083123353,0.002888713149685751,456.535,456.58,0,15:59
2023-12-06,-0.0016348417473188714,-0.00832679396634406,454.99,454.74,0,15:59
2023-12-07,-0.0007222428924734681,0.002998402311177095,458.285,458.21,0,15:59
2023-12-08,0.0016394517673290476,0.006295494786543454,460.385,460.15,0,15:59
2023-12-11,0.0015662729230569994,0.003893928517044065,461.475,461.96,0,15:59
2023-12-12,-0.00012999111727363122,0.005459626925493399,464.1,464.2,0,15:59
2023-12-13,-0.00010765421466252256,0.009516632576165307,468.85,470.54,0,15:59
2023-12-14,0.0011321433483932886,-0.0023595137073991745,471.485,472.03,0,15:59
2023-12-15,-0.0007030101616923856,-2.130333823324726e-05,469.42,469.35,0,15:59
2023-12-18,0.0008068797112219528,0.0037477439218600583,472.71,472.01,0,15:59
2023-12-19,0.002052910052910084,0.003576719576719567,474.17,474.78,0,15:59
2023-12-20,0.00156154381818574,-0.009727995948426882,469.275,468.06,0,15:59
2023-12-21,0.00021217007553264722,0.001230586438088821,471.95,472.68,0,15:59
2023-12-22,0.00206794682422462,4.220299641288783e-05,473.96,473.67,0,15:59
2023-12-26,0.0012550624367195784,0.00442963212959846,476.19,475.63,0,15:59
2023-12-27,0.0011461860396644319,0.00031546404761395586,475.62,476.56,0,15:59
2023-12-28,0.0005766589429319069,5.242354026657736e-05,476.95,476.71,0,15:59
2023-12-29,0.0006926515962470958,-0.0013643137501837543,475.78,475.36,0,15:59
2024-01-02,0.00011648840410893868,-0.0026474637297468906,470.905,472.66,0,15:59
2024-01-03,-0.0011053011945755253,-0.002550695064404973,469.27,468.76,0,15:59
2024-01-04,0.0014630187309112586,6.407381303263904e-05,468.255,467.34,0,15:59
2024-01-05,0.0017224962286961354,-0.0007810076068001104,466.88,467.86,0,15:59
2024-01-08,0.00272150953061967,0.011035454332002814,473.66,474.53,0,15:59
2024-01-09,0.0004661609526634969,0.0038564224265795755,473.79,473.85,0,15:59
2024-01-10,0.0010861083577620168,0.004323343948372971,476.22,476.52,0,15:59
2024-01-11,-0.002554706313475097,-0.0034760758035807804,475.905,476.37,0,15:59
2024-01-12,-0.0015069066555044586,-0.0033800753453328003,476.19,476.65,0,15:59
2024-01-16,-0.0015990573977444633,-0.0025879481568759077,474.04,474.85,0,15:59
2024-01-17,-0.0009961637099680232,-0.0019287425022784799,470.885,472.28,0,15:59
2024-01-18,-0.0006854949273374933,0.004809010567167871,476.47,476.5,0,15:59
2024-01-19,0.00043967087494500845,0.009400582040491656,482.14,482.48,0,15:59
2024-01-22,0.0020351029431513457,0.0002066094358530446,484.13,483.45,0,15:59
2024-01-23,-0.00010330151646620322,0.00134291971406153,484.64,484.82,0,15:59
2024-01-24,-0.0014349849326581454,-0.004755950062524383,485.51,485.42,0,15:59
2024-01-25,-0.00045130056617714853,-0.0019487978994010557,486.53,488.02,0,15:59
2024-01-26,0.0003486929143547979,-0.0001128124134677222,487.475,487.47,0,15:59
2024-01-29,0.000676645478777882,0.0066229239286446084,490.97,491.25,0,15:59
2024-01-30,0.00114129659445239,0.0014368108912303779,491.415,490.9,0,15:59
2024-01-31,-0.0013000573253623138,-0.0075956105151092634,484.62,482.955,0,15:59
2024-02-01,0.0006498463061910265,0.00816949642068776,488.74,489.22,0,15:59
2024-02-02,0.0017767430461952394,0.012733325164399734,495.905,494.29,0,15:59
2024-02-05,-0.0005063906500030191,-6.076687800027347e-05,493.72,492.555,0,15:59
2024-02-06,-0.001053655373642326,-0.0007699789268925672,493.17,493.99,0,15:59
2024-02-07,-0.0009269054455695036,0.0037680721374238058,498.135,498.03,0,15:59
2024-02-08,-0.00032118194957453383,0.0005118837321342884,498.425,498.47,0,15:59
2024-02-09,0.001363135210985078,0.004530419965921517,501.1,501.09,0,15:59
2024-02-12,0.0003790674939647687,-0.0006484049238872913,500.94,500.99,0,15:59
2024-02-13,-0.0011429496191853739,-0.005957498457523691,491.37,494.16,0,15:59
2024-02-14,0.00018116671363577197,0.002465880268931908,498.055,498.62,0,15:59
2024-02-15,0.0005808131383937543,0.004646505107150034,501.675,501.97,0,15:59
2024-02-16,-0.004095950888452493,-0.002302103784020737,500.595,499.57,0,15:59
2024-02-20,-0.002119601796136461,-0.002019146734708266,496.79,496.745,0,15:59
2024-02-21,-0.00027253182061348635,-0.0018673476597591554,494.44,497.24,0,15:59
2024-02-22,0.001924526804491844,0.0073211380500772805,507.745,507.48,0,15:59
2024-02-23,0.0009621804186465965,-0.0026901779051957675,507.94,507.82,0,15:59
2024-02-26,-0.00017706427433161753,-0.0027838438686577094,506.89,505.86,0,15:59
2024-02-27,-0.001361752516281789,9.867771857186014e-06,506.74,506.95,0,15:59
2024-02-28,-0.00018798666284103316,0.0015335754073868557,506.13,506.13,0,15:59
2024-02-29,0.000806983358428548,0.00015746016749829117,508.14,508.15,0,15:59
2024-03-01,2.947099562833344e-05,0.007613340537354407,512.92,512.93,0,15:59
2024-03-04,0.0006150061500613813,0.002616216638356761,513.5,512.34,0,15:59
2024-03-05,-0.0011269537948944697,-0.010240580136214428,504.995,507.12,0,15:59
2024-03-06,-0.0013708287639041528,-0.0029179069403102442,509.16,509.73,0,15:59
2024-03-07,0.0004482207584675102,0.0028452274233152774,514.59,515.12,0,15:59
2024-03-08,0.004413105468371148,-0.006963977420418543,511.87,511.72,0,15:59
2024-03-11,-0.0018319144975950108,0.0009306517501150857,510.86,511.26,0,15:59
2024-03-12,3.895370352346994e-05,0.007196696725941365,517.05,516.77,0,15:59
2024-03-13,-0.0018567228841094296,-0.0036554231780906443,515.07,515.97,0,15:59
2024-03-14,-0.005716109563602689,-0.008433921386567622,512.66,514.86,0,15:59
2024-03-15,-0.0004705236536162172,-0.0001372360656380911,510.08,509.83,0,15:59
2024-03-18,0.0011202899115458909,0.0011495148657600929,513.83,512.9,0,15:59
2024-03-19,-0.0009079282639044006,0.004637268014565876,514.46,515.79,0,15:59
2024-03-20,-0.0004556338642599522,0.008928484871986386,520.355,520.52,0,15:59
2024-03-21,-9.551280826747277e-05,-0.0013562818773997787,522.845,522.08,0,15:59
2024-03-22,-0.0007756540391465894,-0.0008522618454819275,521.7,521.4,0,15:59
2024-03-25,0.0010100329944111586,0.0009715555470048987,520.29,519.88,0,15:59
2024-03-26,0.00019188701692440802,-0.001803737959089613,520.21,518.72,0,15:59
2024-03-27,-0.001542973242352308,-0.0015717242965576084,520.89,523.08,0,15:59
2024-03-28,-0.00022933588150975126,0.0023315814620163966,524.48,523.135,0,15:59
2024-04-01,0.0007064978709592218,-0.0034752057436368,521.9,522.21,0,15:59
2024-04-02,-0.001273811591685381,0.0005404049176847003,518.47,518.9,0,15:59
2024-04-03,0.0013038313325155482,0.001622545658241492,518.38,519.54,0,15:59
2024-04-04,-0.001527796344747201,-0.01888738231193776,513.755,513.12,0,15:59
2024-04-05,0.0035987316902366118,0.007995020133444664,518.15,518.54,0,15:59
2024-04-08,-0.0008762807179725218,1.9258916878595045e-05,519.225,518.65,0,15:59
2024-04-09,-0.002996801490716572,-0.003870868592175669,518.525,519.34,0,15:59
2024-04-10,0.0009154120327989901,0.0015971018444580487,514.245,514.195,0,15:59
2024-04-11,-0.0022106732857586353,0.006379925535215714,518.8,518.05,0,15:59
2024-04-12,0.0016719157043432187,-0.009487149578132903,509.53,510.88,0,15:59
2024-04-15,-0.0006987442013935974,-0.021253469459055596,504.29,504.52,0,15:59
2024-04-16,-0.0007824726134585402,0.0017630395594381287,505.37,503.41,0,15:59
2024-04-17,-0.0015610180208661673,-0.010709769206449504,500.85,500.52,0,15:59
2024-04-18,-0.0013649496861611876,-0.004224369831622998,499.885,499.42,0,15:59
2024-04-19,0.0005506166906934506,-0.008629665225052041,495.24,495.185,0,15:59
2024-04-22,-0.0005122024706236683,0.00550366576277983,500.46,499.54,0,15:59
2024-04-23,0.0023213645239708036,0.006993982385525843,505.24,505.5,0,15:59
2024-04-24,-0.0007995419907609325,-0.001352311762151115,505.815,505.66,0,15:59
2024-04-25,-0.001903426167100819,0.010108194750550803,504.125,503.53,0,15:59
2024-04-26,0.0027151376327949617,0.006318865763595305,509.505,508.195,0,15:59
2024-04-29,-0.0013620507192411146,-0.0033904284090463532,508.635,510.07,0,15:59
2024-04-30,0.0015639446816044789,-0.0070229968721106095,504.775,502.26,0,15:59
2024-05-01,-0.001017192548565915,0.00998244844229923,506.125,500.11,0,15:59
2024-05-02,-0.004165385645287567,0.0023306324443872484,505.165,505.03,0,15:59
2024-05-03,0.0007629704984739583,0.0010368573440799889,511.64,511.25,0,15:59
2024-05-06,0.0008174784682011271,0.002608145589022559,515.085,516.54,0,15:59
2024-05-07,-0.0007342285769490475,-0.0007438894792773931,517.175,517.255,0,15:59
2024-05-08,0.001658181818181781,0.0032678787878785975,517.29,517.2,0,15:59
2024-05-09,0.00022225013769849866,0.004261404814131398,519.61,520.16,0,15:59
2024-05-10,0.0011307014181678454,-0.0014756611728631297,521.04,520.81,0,15:59
2024-05-13,-0.0017890799154254289,-0.003501621652650666,520.735,520.925,0,15:59
2024-05-14,0.000306992718516641,0.004230743402054982,523.4,523.275,0,15:59
2024-05-15,-0.00011411834071917148,0.006257489016109563,529.04,529.8,0,15:59
2024-05-16,0.0005472937268815592,-5.661659243594297e-05,529.89,528.83,0,15:59
2024-05-17,-0.00034976272852726975,0.00037812186867847153,529.21,529.51,0,15:59
2024-05-20,0.0029836090339150356,0.0013124103028929746,530.265,530.05,0,15:59
2024-05-21,0.00037785040902305056,0.0028433243278986886,530.815,531.34,0,15:59
2024-05-22,0.000829078027547947,-0.00367432307663329,528.745,529.8,0,15:59
2024-05-23,-0.005703992794956592,-0.014381942359651956,525.2,525.96,0,15:59
2024-05-24,-0.0010229791425918622,0.0019607100233012265,528.9,529.46,0,15:59
2024-05-28,-0.0019799366420275577,-0.0037430230804043063,528.38,529.88,0,15:59
2024-05-29,0.0011414873580275486,0.002187850769552746,526.78,526.12,0,15:59
2024-05-30,0.0005340352081786293,-0.0018214415136081907,523.4,522.65,0,15:59
2024-05-31,-0.000926226534003094,-0.0025017665145234957,522.225,527.335,0,15:59
2024-06-03,-0.00202249314809555,-0.00530195633683006,526.175,527.77,0,15:59
2024-06-04,-0.0003703387174883721,0.001994131555707712,527.575,528.35,0,15:59
2024-06-05,-0.0015637069274099247,0.005520073852182783,533.65,534.65,0,15:59
2024-06-06,-0.0009347541596560482,-0.0007851934941109917,534.485,534.63,0,15:59
2024-06-07,0.0011156947309207688,0.0026720420026253855,534.56,534.01,0,15:59
2024-06-10,-0.0002625410220347124,0.004238162212845786,535.58,535.705,0,15:59
2024-06-11,-0.0024809017375675424,0.0033141102456559768,535.815,537.01,0,15:59
2024-06-12,0.0018462958689129394,-0.0011354719593814622,541.005,541.28,0,15:59
2024-06-13,-0.0022646928855502013,-0.0011323464427750451,542.5,542.35,0,15:59
2024-06-14,0.0010907948011611435,0.0027177429791640506,542.32,542.79,0,15:59
2024-06-17,8.301434303370492e-05,0.011446755522759533,548.19,547.05,0,15:59
2024-06-18,0.0006305515955697949,0.0013890411960375548,547.905,548.48,0,15:59
2024-06-20,0.0003276152341085137,-0.004195295081221184,547.1,547.03,0,15:59
2024-06-21,-0.0009919905944595353,5.511058858109763e-05,544.42,544.09,0,15:59
2024-06-24,0.002369711776916361,-0.0002663629516688193,544.24,542.71,0,15:59
2024-06-25,-0.0009011162807804896,0.0024091067914744357,544.93,544.775,0,15:59
2024-06-26,0.00042307798430929466,0.00189465358190688,544.495,545.585,0,15:59
2024-06-27,0.0008615159013840579,0.0004215928879112152,545.795,546.37,0,15:59
2024-06-28,0.0018278027069758007,-0.004286197347858289,544.89,544.11,0,15:59
2024-07-01,-0.0015214283095646985,-0.0021080030795175286,544.33,545.2,0,15:59
2024-07-02,0.0026943024239527436,0.007853017986537703,547.925,548.97,0,15:59
2024-07-05,0.0012867680374069046,0.0046667995722855515,554.335,554.725,0,15:59
2024-07-08,0.0010984064103718438,-0.0013955163410461768,554.575,555.245,0,15:59
2024-07-09,0.0005841593946309676,-0.0010245257075069958,555.71,555.87,0,15:59
2024-07-10,0.00015256762335558172,0.0052231974584029395,560.01,561.24,0,15:59
2024-07-11,0.0007124663804929376,-0.008709901501522843,556.685,556.42,0,15:59
2024-07-12,0.002286544358960585,0.009361381610803354,562.77,559.91,0,15:59
2024-07-15,-0.0004446974278701221,-0.00026681845672205107,562.05,561.52,0,15:59
2024-07-16,0.00015986926246958078,0.002682250959215482,564.385,564.83,0,15:59
2024-07-17,0.0015205452496378502,-0.0018693762186722251,558.065,557.065,0,15:59
2024-07-18,0.0004206870625302894,-0.012817529224324553,551.43,552.8,0,15:59
2024-07-19,0.0011133740665310032,-0.004209097080787538,549.97,548.94,0,15:59
2024-07-22,-0.0006691140568204634,0.0028211295368645306,554.54,554.65,0,15:59
2024-07-23,0.0015053588973923393,0.0009284548888108812,555.13,553.69,0,15:59
2024-07-24,-0.0036989795918367374,-0.013073979591836649,541.745,541.21,0,15:59
2024-07-25,-0.002641690682036568,0.0033990984999630047,543.19,538.39,0,15:59
2024-07-26,0.0007559415159392735,0.0043512731161383655,544.6,544.345,0,15:59
2024-07-29,0.0008056099749162993,-0.0012541882564035545,545.495,544.91,0,15:59
2024-07-30,-9.153318077825823e-06,-0.008311212814645197,541.61,541.97,0,15:59
2024-07-31,-0.0007283851700778943,0.0008740622040934731,549.56,550.37,0,15:59
2024-08-01,0.0026059103494451286,-0.020358674605041704,541.68,543.18,0,15:59
2024-08-02,-0.002930471301913262,-0.006551563229118096,532.35,532.92,0,15:59
2024-08-05,0.0075661303251286505,0.009540753484916564,516.45,517.4,0,15:59
2024-08-06,0.004195858033720912,0.014011856186003646,526.75,522.07,0,15:59
2024-08-07,0.004767851061414419,-0.0140765126575092,521.005,518.635,0,15:59
2024-08-08,0.0018893850910339793,0.010229398068628548,529.27,530.61,0,15:59
2024-08-09,-0.000990911922086224,0.005766163660900325,533.04,532.92,1,15:59
2024-08-12,-0.005315166941158966,-0.003144183260967326,532.84,533.29,0,15:59
2024-08-13,0.002003410456870691,0.008600687682287056,541.2,541.99,0,15:59
2024-08-14,-0.0027718942812413605,0.0003591490929182317,543.05,543.78,0,15:59
2024-08-15,0.0007639697322467942,0.006166327124563331,553.06,552.97,0,15:59
2024-08-16,0.00170487521764362,0.005277858386535161,554.04,554.22,0,15:59
2024-08-19,0.00030644434429905054,0.00618296529968454,558.18,559.49,0,15:59
2024-08-20,0.002816725087631422,-0.0008137205808711467,558.665,558.65,0,15:59
2024-08-21,0.001080810697346335,0.0006163300670818384,560.1,560.64,0,15:59
2024-08-22,-0.0004443970420933141,-0.011820961319681467,555.88,556.26,0,15:59
2024-08-23,0.00025018316982072797,0.004735610000178747,562.17,562.09,0,15:59
2024-08-26,-0.0007809310828318372,-0.0052801590259657916,560.305,560.78,0,15:59
2024-08-27,0.0006971007757479164,0.00368212204625884,561.49,561.565,0,15:59
2024-08-28,-0.00025837721291188664,-0.004659699391477146,558.55,558.35,0,15:59
2024-08-29,0.0015528227461758526,-0.002070430328234507,559.19,558.31,0,15:59
2024-08-30,0.001953125,0.0020333904109588463,561.87,563.57,0,15:59
2024-09-03,-0.00243543422989434,-0.014175476158615585,552.575,552.16,0,15:59
2024-09-04,0.004472239392066424,0.0012725884448969715,550.64,550.83,0,15:59
2024-09-05,0.001796733212341195,-0.0029945553539019176,549.32,549.44,0,15:59
2024-09-06,-0.003790874628412544,-0.01579076553849501,541.27,540.46,0,15:59
2024-09-09,0.001101564221194229,0.0016798854373212269,545.59,546.44,0,15:59
2024-09-10,-0.0008570933593501362,0.000665615055665425,548.62,548.76,0,15:59
2024-09-11,-0.007472343217481692,0.008438280267546228,553.305,554.23,0,15:59
2024-09-12,-0.002314960771773844,0.0065935847662970115,558.625,559.06,0,15:59
2024-09-13,0.0022690321773775057,0.003716210180271906,561.78,561.89,0,15:59
2024-09-16,0.0011481158439985428,0.000747610317022529,562.24,562.87,0,15:59
2024-09-17,-0.0011148272017836858,-0.005414874980092521,562.08,563.15,0,15:59
2024-09-18,-0.0013748203863690467,0.0021819730003016513,564.92,561.39,0,15:59
2024-09-19,-0.002661810030820888,0.00023641075931624123,571.15,570.99,0,15:59
2024-09-20,-0.0013647730074313191,0.0006251540872750372,568.235,568.03,0,15:59
2024-09-23,-0.0008519683102921061,0.00042159256591767225,569.51,569.6,0,15:59
2024-09-24,-0.0020333754031691686,0.0002979946711541004,570.63,571.24,0,15:59
2024-09-25,0.0006740845144401764,-0.0022936382179655768,569.835,569.985,0,15:59
2024-09-26,-0.001810017752097326,-0.004298792161230858,572.12,572.17,0,15:59
2024-09-27,-0.0007236268526590317,-0.0026591107236267897,571.96,571.4,0,15:59
2024-09-30,0.00023663245720895176,0.0007098973716268553,570.895,574.045,0,15:59
2024-10-01,-0.006670328807972914,-0.005501931343569799,570.065,568.61,0,15:59
2024-10-02,-0.0011977946486764202,0.002677423332335227,569.11,568.83,0,15:59
2024-10-03,0.0008107441221052447,-0.0014804892664528335,566.54,567.76,0,15:59
2024-10-04,-0.004158294749716074,-0.0004630034070062239,572.06,572.935,0,15:59
2024-10-07,-0.0009802891853095685,-0.0059342506039281595,567.85,567.8,0,15:59
2024-10-08,0.0005259374835646646,0.00440034361248931,572.78,573.19,0,15:59
2024-10-09,0.0005932025961337128,0.006176285853862984,576.76,577.07,0,15:59
2024-10-10,-0.0005558257486278917,-0.0005818800805947877,575.38,576.2,0,15:59
2024-10-11,0.002317889418443908,0.007127292930871221,580.055,579.6,0,15:59
2024-10-14,0.003449670087661172,0.005703569247180296,584.52,584.31,0,15:59
2024-10-15,-0.0008210180623974273,-0.009150930487137443,579.415,579.92,0,15:59
2024-10-16,-0.0010607380322016358,0.004467173176263772,582.22,582.27,1,15:59
2024-10-17,-0.0033024422712609747,-0.005717406516136614,582.62,582.32,0,15:59
2024-10-18,-0.0013696519372016214,0.000556421099487947,584.44,584.6,0,15:59
2024-10-21,0.00016269630593757078,-0.0016783408401980227,582.875,583.72,0,15:59
2024-10-22,0.0001721022287239915,0.0044402375010756945,583.66,583.33,0,15:59
2024-10-23,-1.720222940915228e-05,-0.006932498451799551,577.29,578.04,0,15:59
2024-10-24,-0.0012240957208372594,-0.000982724733629814,579.41,579.23,0,15:59
2024-10-25,0.0028628169086735156,-0.003516192539482099,579.55,579.01,0,15:59
2024-10-28,-0.002042497682880895,-0.002033915759843574,581.485,580.77,0,15:59
2024-10-29,0.00026730359652682445,0.005104636423995279,582.755,581.7,0,15:59
2024-10-30,0.0009719677616357725,-0.0012042078462741745,580.66,579.97,0,15:59
2024-10-31,-0.003040834057341457,-0.007515204170286838,571.28,568.46,0,15:59
2024-11-01,0.0032559605083499754,0.0007789797990407354,571.71,571.03,0,15:59
2024-11-04,0.000612777281719934,-0.0016457446994764258,570.13,569.78,0,15:59
2024-11-05,0.0058000981285484254,0.008849092310927453,575.645,576.69,0,15:59
2024-11-06,-0.005422422864125531,0.003216116221445242,591.12,591.01,0,15:59
2024-11-07,0.0012643077493637023,0.004964515095834399,596.13,595.75,0,15:59
2024-11-08,0.001509408647234478,0.003337470231107309,598.3,598.25,0,15:59
2024-11-11,-0.0012418529446083237,-0.0027254088113216612,598.265,598.81,0,15:59
2024-11-12,0.00044266265764636437,-0.0020713271527603716,597.31,596.915,0,15:59
2024-11-13,-0.0007365126127784061,0.00032640899884506247,597.55,597.22,0,15:59
2024-11-14,-0.0019083330543372412,-0.005365094244869306,594.3,593.42,0,15:59
2024-11-15,-0.0017635488028218127,-0.007461168011937858,585.46,585.74,0,15:59
2024-11-18,-0.00039252495946751065,0.004130045225701817,588.34,588.21,0,15:59
2024-11-19,0.0008208776550262531,0.008798782364811686,589.845,590.19,0,15:59
2024-11-20,-0.005131766140505478,-0.0033364948174243736,588.66,590.49,0,15:59
2024-11-21,-0.006075160094371479,0.0025615099427029886,594.93,593.665,0,15:59
2024-11-22,0.0037898566591991756,0.001785443581667101,594.725,595.5,0,15:59
2024-11-25,-0.00045038282540155183,-0.003919998665532387,597.15,597.49,0,15:59
2024-11-26,4.174912118104501e-05,0.0024882476223873073,600.305,600.725,0,15:59
2024-11-27,-0.00016652789342219698,-0.0031640299750207435,598.545,598.68,0,15:59
2024-12-02,-0.0003233857660511763,0.0021227373361303314,604.07,603.67,0,15:59
2024-12-03,-0.0002154279559201111,0.0008202833706190127,603.93,603.87,0,15:59
2024-12-04,0.00019810479743775922,0.0026001254663718942,607.235,607.62,0,15:59
2024-12-05,0.00020570883149151342,-0.0015057886465180692,606.77,606.69,0,15:59
2024-12-06,0.002518642895945389,0.0002469257741122277,607.61,607.89,0,15:59
2024-12-09,-0.0002551062394050563,-0.005135041722214018,604.51,604.65,0,15:59
2024-12-10,-0.0006938020351525687,-0.004377560459891572,602.7,602.9,0,15:59
2024-12-11,0.0014031728213679262,0.0038133284910115695,608.065,607.57,0,15:59
2024-12-12,-0.0006594239931420054,-0.0027778235711107824,604.9,604.39,0,15:59
2024-12-13,-0.00044528737527826934,-0.00343860806464924,604.25,604.26,0,15:59
2024-12-16,0.0003795379537954169,0.0026402640264027166,607.56,606.84,0,15:59
2024-12-17,0.00033102717733135556,-0.0018206494753217894,603.15,604.24,0,15:59
2024-12-18,0.0010348110435034474,-0.01785669936669554,593.11,586.395,0,15:59
2024-12-19,-0.0014035562394839607,-0.004641881779979928,588.675,586.12,0,15:59
2024-12-20,0.0005070732420029422,0.017120167763893024,591.81,590.93,0,15:59
2024-12-26,0.0007590101173544639,0.004162044489669947,601.8,601.165,0,15:59
2024-12-27,-0.0010879207324216988,-0.006259728521934127,593.54,594.99,0,15:59
2024-12-30,-0.004677109376328703,0.0027042196030409027,589.68,588.25,0,15:59
2024-12-31,1.6949439821001278e-05,-0.004678045390599794,587.255,586.07,0,15:59
2025-01-02,0.0012555353840411065,-0.008008279746856917,584.64,584.62,0,15:59
2025-01-03,0.0007829254178439715,0.007437791469516952,591.82,591.94,0,15:59
2025-01-06,0.0031797702846692033,-0.0014598417665763197,595.07,595.42,0,15:59
2025-01-07,-0.001816097148643614,-0.01594315699615856,588.08,588.73,0,15:59
2025-01-08,-0.0021913433444314956,0.0007219542026228876,589.12,589.34,0,15:59
2025-01-10,-0.005154727157901884,-0.009473091300117642,580.295,580.49,0,15:59
2025-01-13,0.0034736695845491994,0.007633388912046568,580.07,581.41,0,15:59
2025-01-14,-0.0034397782113153585,-0.006537289933942647,580.62,582.2,0,15:59
2025-01-15,0.002201263186413005,0.005283031647391523,593.615,592.75,0,15:59
2025-01-16,-0.003215163451503189,-0.0029794970205029303,592.475,591.7,0,15:59
2025-01-17,-0.001122372057961396,0.0019934667895131764,598.11,597.64,0,15:59
2025-01-21,-0.0008155928028096282,0.0031791474558500177,602.72,602.92,0,15:59
2025-01-22,0.000907695608403758,0.0019969303384879122,607.11,606.33,0,15:59
2025-01-23,0.0006437874510969444,0.0037966952244177232,608.03,609.63,0,15:59
2025-01-24,0.000860945071704533,-0.004468714895989434,607.11,607.92,0,15:59
2025-01-27,0.006371675464846405,0.0044046938569650695,597.61,599.49,0,15:59
2025-01-28,-0.0030297481313779073,0.007258077941103114,605.03,604.5,0,15:59
2025-01-29,-0.0007536668792393897,-0.0006211540213511002,603.36,601.82,0,15:59
2025-01-30,0.0015644788795352582,0.0036835613830323855,606.18,604.78,0,15:59
2025-01-31,0.0010370370370369475,-0.009506172839506166,601.73,601.785,0,15:59
2025-02-03,-0.0008269902617678015,0.010042024607179734,598.51,597.7,0,15:59
2025-02-04,0.002309101709237149,0.005797853204715375,601.015,601.74,0,15:59
2025-02-05,-0.0009073881373568016,0.0051363163371489495,603.745,604.14,0,15:59
2025-02-06,-0.0012541461080215477,-0.002070991270483047,604.785,606.24,0,15:59
2025-02-07,0.001458374530354023,-0.010571155494034756,600.575,600.825,0,15:59
2025-02-10,-0.0008691765173338695,0.0014734611436706402,604.765,604.84,0,15:59
2025-02-11,0.0011949017525225702,0.004613648433351214,605.29,605.23,0,15:59
2025-02-12,0.003471208164014472,0.0070175145815774,603.27,603.28,0,15:59
2025-02-13,0.0005293718671937064,0.008312792602028107,609.37,609.69,0,15:59
2025-02-14,0.000909925566449088,-0.00041807390890924445,609.68,609.57,0,15:59
2025-02-18,-0.001006736128731256,-0.0017433723204857143,609.76,611.36,0,15:59
2025-02-19,-0.00028685938153105717,0.0032374130201375806,612.16,612.94,0,15:59
2025-02-20,-0.005118226117670099,-0.0027553389802792427,609.885,610.41,0,15:59
2025-02-21,-0.0029006407630159936,-0.015814227888759746,600.7,600.02,0,15:59
2025-02-24,-0.005406842022208758,-0.004825461159605582,599.16,597.22,0,15:59
2025-02-25,-0.0032153802354595307,-0.002193827139818749,595.835,594.31,0,15:59
2025-02-26,0.0028522532800914213,-0.00406026643401225,593.56,594.49,0,15:59
2025-02-27,-0.007304650851092331,-0.017675244605280693,586.44,585.03,0,15:59
2025-02-28,0.0011445947792809719,0.007269031023643624,589.51,593.895,0,15:59
2025-03-03,-0.005702975611392547,-0.025076319232446465,581.24,583.94,0,15:59
2025-03-04,-0.006900001725000382,0.007417501854375397,583.815,576.88,0,15:59
2025-03-05,-0.00157808029133788,0.013032168559784951,584.05,583.02,0,15:59
2025-03-06,-0.0018158596661945747,-0.004283343614516544,573.21,572.73,0,15:59
2025-03-07,0.0056664418773701986,0.008871878859004756,575.855,575.76,0,15:59
2025-03-11,0.0008046203086167214,0.0006526364725445433,559.68,556.08,0,15:59
2025-03-12,-0.004909372276276858,-0.004500257919920481,560.005,558.92,0,15:59
2025-03-13,-0.005954566212089896,-0.012312072994922985,551.605,551.6,0,15:59
2025-03-14,0.003928937478647088,0.010177476489309889,561.89,562.78,0,15:59
2025-03-17,0.005241509199292782,0.011131544113074376,569.02,567.02,0,15:59
2025-03-18,-0.006745870146426025,-0.00654225464331859,561.14,560.92,0,15:59
2025-03-19,0.0020876641259348627,0.007835403230104898,567.17,567.0,0,15:59
2025-03-20,0.006401662123647123,0.0027435694815629574,564.67,565.69,0,15:59
2025-03-21,0.0011087069258417515,0.0047924750987999865,562.08,564.17,0,15:59
2025-03-24,0.003477819048286479,0.005571518676852127,573.96,574.02,0,15:59
2025-03-25,-0.001268682655544029,-0.002155022592978839,574.2,575.405,0,15:59
2025-03-26,-0.002599073373840688,-0.01294321155066458,567.79,568.75,0,15:59
2025-03-27,0.001983479816990874,0.004487072119326196,569.76,567.03,0,15:59
2025-03-28,-0.002608887906256907,-0.016962193234578926,555.81,555.7,0,15:59
2025-03-31,-5.456231926248556e-05,0.014168015568448267,557.34,559.26,0,15:59
2025-04-01,-0.0004125930576733827,0.001901515831016054,558.36,561.1,0,15:59
2025-04-02,0.00673776752900479,0.014592491172443545,562.71,564.63,0,15:59
2025-04-03,-0.00044026195586377437,-0.011144130757800963,539.05,537.3,0,15:59
2025-04-04,-0.0008211748529523,-0.02495989611183258,510.2,505.93,0,15:59
2025-04-07,0.013390849245614733,0.02344931921331317,500.645,504.45,0,15:59
2025-04-08,0.001245330012453305,-0.04683398792987847,497.435,496.6,0,15:59
2025-04-09,0.010986012289780023,0.09255740620957309,540.485,542.955,0,15:59
2025-04-10,-0.00586267804126428,-0.018377240783193582,522.265,524.63,0,15:59
2025-04-11,0.006338553318419038,0.02268685825732808,534.43,534.0,0,15:59
2025-04-14,-0.006396412127450124,-0.0049811140417787,541.465,538.98,0,15:59
2025-04-15,0.0035021401967869625,-0.0027238868197230204,538.48,537.64,0,15:59
2025-04-16,-0.003094169981848749,-0.020624664954998262,520.82,525.73,0,15:59
2025-04-17,0.002198927075237611,-0.0004549504293595019,527.41,526.34,0,15:59
2025-04-21,-0.006677027571519112,-0.020702622843876695,510.36,513.96,0,15:59
2025-04-22,0.003383444192395224,0.008785420431389301,524.645,526.95,0,15:59
2025-04-23,0.005365898788046941,-0.010676288278286816,534.69,535.29,0,15:59
2025-04-24,0.005161266280347965,0.015185675156980771,545.0,546.44,0,15:59
2025-04-25,-0.003928232112840879,0.004147482277278236,549.53,550.55,0,15:59
2025-04-28,-0.0015147117512608332,-0.0009705039364364954,550.455,551.07,0,15:59
2025-04-29,0.0031882526553590473,0.01043925012297553,554.72,554.09,0,15:59
2025-04-30,-0.010282541595894257,0.004054572352199859,549.91,554.02,0,15:59
2025-05-01,-0.0027301440017130085,0.0029264288645811654,562.05,558.4,0,15:59
2025-05-02,-0.0019832135141835128,0.0051173991571342725,567.585,566.56,0,15:59
2025-05-05,0.000693210095982888,0.003981514397440433,564.8,563.57,0,15:59
2025-05-06,-0.000887200121877818,0.0050991602964503,560.81,558.73,0,15:59
2025-05-07,0.001981435201713566,-0.004123527311674535,557.86,561.19,0,15:59
2025-05-08,-0.002140532125672112,0.006598499858477158,569.09,564.97,0,15:59
2025-05-09,0.0008649755512013524,-0.0025419689667955936,564.7,564.14,0,15:59
2025-05-12,-0.00470355561288105,2.5796465884075914e-05,581.42,582.93,0,15:59
2025-05-13,0.003033626983854898,0.00855242861550054,588.475,586.76,0,15:59
2025-05-14,-0.0006889747035708771,-0.0012928908017624252,586.88,587.45,0,15:59
2025-05-15,0.0009221626421667128,0.005345127907373959,588.74,590.41,0,15:59
2025-05-16,-0.00025369120706275616,0.004431139750029622,593.86,594.28,0,15:59
2025-05-19,0.005287766726175258,0.009172830060358628,593.58,594.88,0,15:59
2025-05-20,-0.0003962198936107164,-0.003093887254364769,591.42,592.88,0,15:59
2025-05-21,0.002072785347785988,-0.010686737571783067,582.47,582.96,0,15:59
2025-05-22,0.002823283074889993,0.00658193956972819,586.5,583.06,0,15:59
2025-05-23,0.0015802177574799625,0.006859186969281339,579.79,579.2,0,15:59
2025-05-27,6.824890375201065e-05,0.007174666006927177,590.285,591.06,0,15:59
2025-05-28,-0.0013100621223007813,-0.0034737776275198806,589.51,587.8,0,15:59
2025-05-29,-0.0032878098128478195,-0.0070814365199798335,588.93,589.95,0,15:59
2025-05-30,-0.0033109209453953126,0.002852485737571131,590.57,589.3,0,15:59
2025-06-02,-0.0015907853545663597,0.007809309922417462,592.4,592.79,0,15:59
2025-06-03,0.00011815741944198876,0.006464898806610053,596.19,596.12,0,15:59
2025-06-04,0.0009296715997888505,5.862793872535299e-05,597.015,595.98,0,15:59
2025-06-05,-0.005638657430646177,-0.00870059900277742,592.48,593.08,0,15:59
2025-06-06,0.002756339581036382,0.001219471451004095,599.34,598.975,0,15:59
2025-06-09,-0.001350562734472649,0.001283868278449285,600.49,599.43,0,15:59
2025-06-10,0.00034147600922795895,0.003839522933029027,602.615,603.1,0,15:59
2025-06-11,-0.000943427455393997,-0.006206759574961085,600.44,601.59,0,15:59
2025-06-12,0.0010832972234258165,0.005483150561647943,603.27,603.72,0,15:59
2025-06-13,-0.0009021953419987572,-0.0037758545794767118,596.39,596.78,0,15:59
2025-06-16,0.004313575271055692,0.002731375847309536,602.07,602.705,0,15:59
2025-06-17,0.0008830095631602308,-0.00328212988570864,598.27,597.6,0,15:59
2025-06-18,0.0012951094994193557,-0.002331197098954685,596.83,597.52,0,15:59
2025-06-20,-0.0017129440076204538,-0.008213775412150959,593.59,594.18,0,15:59
2025-06-23,0.0026719545599676042,0.007041188431613055,599.22,600.08,0,15:59
2025-06-24,-0.00038886360815793,0.005270342944607487,607.48,606.75,0,15:59
2025-06-25,0.0004276948890460375,-0.0014722574065240135,606.98,607.2,0,15:59
2025-06-26,0.00017240813109586917,0.004236314078355452,611.58,611.91,0,15:59
2025-06-27,0.0023902952381729126,-0.0008239584268104894,612.44,614.83,0,15:59
2025-06-30,-0.001554907677356554,0.0008098477486233602,617.89,617.83,0,15:59
2025-07-01,0.0013384274693988285,0.0031960025632913336,618.38,617.64,0,15:59
2025-07-02,0.0,0.004049960310388956,619.74,620.425,0,15:59
2025-07-07,0.0005374360290695268,-0.006192546484205863,619.46,620.99,0,15:59
2025-07-08,-0.0009496370455019942,-0.0012554523652400507,620.48,620.285,0,15:59
2025-07-09,0.0024810110320683254,0.0013970741733977388,623.6,624.035,0,15:59
2025-07-10,-0.001305629425523147,0.0031719586043381653,626.24,625.955,0,15:59
2025-07-11,0.0007707995439436566,0.00275400253721525,624.41,623.64,0,15:59
2025-07-14,-0.0007141366969974916,0.0025676825060581,624.72,624.71,0,15:59
2025-07-15,-0.0030755501729000656,-0.006740713591382064,623.31,622.19,0,15:59
2025-07-16,-0.0025011623991920695,0.0007375222459153896,624.1,624.23,0,15:59
2025-07-17,0.0022023962070731873,0.005870386981035258,628.0,627.98,0,15:59
2025-07-18,-0.0009852999602701917,-0.002955899880810464,627.405,627.59,0,15:59
2025-07-21,0.002799160251924393,0.001097398053311327,629.45,628.73,0,15:59
2025-07-22,-0.003299018243968388,0.0003418259867244977,629.175,628.78,0,15:59
2025-07-23,-0.002549323874972309,0.0028818443804035088,633.36,634.16,0,15:59
2025-07-24,0.0007012180709411453,0.0013787995776934903,635.465,634.49,0,15:59
2025-07-25,0.00015744808149520395,0.0034796026010424086,637.33,637.02,0,15:59
2025-07-28,0.0,-0.0023609139325295736,636.05,636.95,0,15:59
2025-07-29,-0.000618782799404638,-0.005153912430485019,635.13,635.26,0,15:59
2025-07-30,-0.0006053459119497173,-0.006171383647798678,632.11,634.56,0,15:59
2025-07-31,0.0,-0.010438494980139601,632.9,631.9,0,15:59
2025-08-01,-0.00777545383424072,-0.007264541056631546,621.775,621.74,0,15:59
2025-08-04,0.005273924439046063,0.0072316691171769865,630.265,631.07,0,15:59
2025-08-05,0.0002057645736717184,-0.004400196267747125,628.99,628.025,0,15:59
2025-08-06,0.0,0.006303055352430587,633.01,632.7,0,15:59
2025-08-07,0.00023575453238078303,-0.009390888873171965,630.32,632.36,0,15:59
2025-08-08,0.00271246313731055,0.004943937171784096,637.22,637.26,0,15:59
2025-08-11,0.0002823485121803415,-0.002054869727533548,636.34,635.86,0,15:59
2025-08-12,-0.0014883516896707638,0.0063450782559653085,642.31,642.63,0,15:59
2025-08-13,0.0011397646037185627,-0.0009071595825516088,644.295,644.92,0,15:59
2025-08-14,0.00196793739936707,0.003414721416292732,645.0,644.9,0,15:59
2025-08-15,-0.0030337739528835117,-0.0034826486704021553,643.8,643.52,0,15:59
2025-08-18,-0.00035777897037436723,0.0006222242963032087,643.23,643.21,0,15:59
2025-08-19,-0.00041203131437983487,-0.006133824661240239,639.26,639.75,0,15:59
2025-08-20,-0.0063185223416067915,-0.0016421902125463017,638.26,637.92,0,15:59
2025-08-21,-0.001681808179560651,-0.0005108295872497948,635.945,635.63,0,15:59
2025-08-22,0.0010192001630719982,0.011493441838950735,645.075,645.31,0,15:59
2025-08-25,0.00048135898510892616,-0.0004891228397073677,643.725,642.55,0,15:59
2025-08-26,0.0004672169444011054,0.003831178944089686,644.54,645.16,0,15:59
2025-08-27,0.0012489236760246936,0.003250304473629173,646.675,646.61,0,15:59
2025-08-28,-0.0019546792549041125,0.002773635780674244,648.945,648.94,0,15:59
2025-08-29,-0.0031121854028465235,-0.004440463043763665,644.6,645.0,0,15:59
2025-09-02,0.0022901960784313946,0.0025647058823530244,639.175,640.4,0,15:59
2025-09-03,-0.0011201344161300142,-0.0027381063505398373,641.02,643.605,0,15:59
2025-09-04,0.0008845025836787812,0.005400121037195671,647.89,649.02,0,15:59
2025-09-05,-0.0005909847955729575,-0.006638985041177103,647.135,647.22,0,15:59
2025-09-08,-0.0004470858481911977,-0.0016650093656775944,647.65,648.78,0,15:59
2025-09-09,0.00015409626393592113,0.0017335829692808336,650.08,650.26,0,15:59
2025-09-10,-0.00013004398546567764,-0.004253203289347862,650.85,652.28,0,15:59
2025-09-11,0.001964081008788643,0.005364921666029865,657.74,657.55,0,15:59
2025-09-12,0.0006082817561094966,0.0008820085463585592,658.18,657.535,0,15:59
2025-09-15,0.001561599805937064,0.0008187028108797012,660.03,660.85,0,15:59
2025-09-16,-0.0017839055437133267,-0.002010673197575197,660.17,659.93,0,15:59
2025-09-17,-0.0003333131325372607,0.00022725895400288465,660.105,659.36,0,15:59
2025-09-18,0.00021151231303817575,0.0012917359117692317,662.665,662.26,0,15:59
2025-09-19,-0.0002642287163768797,0.0022421693932555,663.79,663.54,0,15:59
2025-09-22,0.0018876187312182324,0.0074447682759244405,667.14,666.8,0,15:59
2025-09-23,0.00020998005189509783,-0.006539378759017889,662.4,663.26,0,15:59
2025-09-24,-0.0021671081146160676,-0.005583313267517487,660.8,661.07,0,15:59
2025-09-25,-0.003541410180414206,-0.0007751584515069965,657.515,657.79,0,15:59
2025-09-26,0.0034343939773011645,0.00320695066754606,661.59,661.775,0,15:59
2025-09-29,0.0002859830667922836,-0.0026114769520225734,662.635,663.65,0,15:59
2025-09-30,0.00025644506795807764,0.0036958259793939963,665.39,666.06,0,15:59
2025-10-01,0.0007840831128098635,0.008941563190313584,669.075,668.535,0,15:59
2025-10-02,-0.0016183039875905525,-0.0014467786801500848,669.48,669.15,0,15:59
2025-10-03,0.0011567077857628227,-0.0005298467921881489,669.61,669.21,0,15:59
2025-10-06,-0.0024046156709472966,0.00018611576400529017,671.7,671.585,0,15:59
2025-10-07,-0.0005352761876439294,-0.005910341238569483,668.62,669.14,0,15:59
2025-10-08,2.2378540471601482e-05,0.0038864065285661997,672.86,673.06,0,15:59
2025-10-09,-0.0023458843093002724,-0.004439363344815317,670.48,671.19,0,15:59
2025-10-10,0.0014505798600004116,-0.024034992449545767,656.085,653.275,0,15:59
2025-10-13,0.003307123559282088,0.0031709033669089504,662.76,663.065,0,15:59
2025-10-14,-0.0004869364091482087,0.011686473819559673,664.74,662.255,0,15:59
2025-10-15,0.002287128341644351,-0.0021296539312360974,665.38,665.08,0,15:59
2025-10-16,-0.00014246402783302248,-0.01186950295050515,658.93,660.79,0,15:59
2025-10-17,0.0017588282564857671,0.008506057343866003,665.04,664.3,0,15:59
2025-10-20,0.002015570091637331,0.006616165021991582,671.72,671.27,0,15:59
2025-10-21,-0.001117152007149791,0.0008117971251955236,671.91,671.26,0,15:59
2025-10-22,-0.0006104097189136848,-0.006327417818008607,667.47,667.82,0,15:59
2025-10-23,0.0026118062623481375,0.00648087169969469,672.4,671.525,0,15:59
2025-10-24,0.0013970506708060881,0.0026684406992645293,678.245,677.1,0,15:59
2025-10-27,0.0005419498476681994,0.002189770330442986,684.24,685.215,0,15:59
2025-10-28,-0.002052282254308313,0.002416162086632534,688.695,686.97,0,15:59
2025-10-29,0.0012196538506212828,-0.004776977581600783,685.34,687.315,0,15:59
2025-10-30,0.0019526679148140769,-0.0033641469693422854,681.44,680.1,0,15:59
2025-10-31,-0.0022920377237292122,-0.0013139069753861365,684.105,682.03,0,15:59
2025-11-03,-0.004579462423614844,-0.0036679452214621877,683.15,683.37,0,15:59
2025-11-04,0.0038752810318305464,-0.00026624068157621306,675.99,675.31,0,15:59
2025-11-05,0.0034298582868486083,0.007126401019327044,679.77,677.49,0,15:59
2025-11-06,-0.0035844413075449832,-0.006215495133289339,672.38,670.24,0,15:59
2025-11-07,-0.0024555125508133324,0.0012502152316642423,668.71,670.92,0,15:59
2025-11-10,0.0019343216584961631,0.0060318350953871835,681.285,681.31,0,15:59
2025-11-11,0.0011103839281119132,0.004360646817021863,682.835,682.9,0,15:59
2025-11-12,-0.00162081654108992,-0.0021902926230944475,683.33,683.32,0,15:59
2025-11-13,-0.0025202242485250492,-0.013041976796302701,671.67,672.07,0,15:59
2025-11-14,0.004914632680052877,0.010941445232655944,672.46,671.935,0,15:59
2025-11-17,0.00463671592088466,-0.008877705684270154,663.8,665.72,0,15:59
2025-11-18,-0.004962797900064153,0.0007327114099029419,662.44,660.16,0,15:59
2025-11-19,0.007400345046762791,0.004116347347074667,663.54,662.68,0,15:59
2025-11-20,0.0028902807807471564,-0.02489802286962528,656.18,652.42,0,15:59
2025-11-21,-0.0003054740957967317,0.007613941837732119,659.37,659.15,0,15:59
2025-11-24,0.0020599265066514327,0.009499807589282483,668.94,668.82,0,15:59
2025-11-25,0.0004112918302485724,0.008846513366984388,674.52,675.0,0,15:59
2025-11-26,-0.0004205866076368858,0.005334809075816294,681.195,679.64,0,15:59
2025-12-01,0.0038522446875115524,0.002776857069200389,680.755,680.255,0,15:59
2025-12-02,0.0007479980053386459,0.0009973306737847132,682.48,681.44,0,15:59
2025-12-03,0.000514282355707163,0.005855471964264725,684.485,683.81,0,15:59
2025-12-04,-0.0032905296950240803,-0.0037064059535969474,682.735,684.495,0,15:59
2025-12-05,0.0020642469510414596,0.000765886677948302,685.995,685.62,0,15:59
2025-12-08,-0.0015004515922268924,-0.005579349124493871,682.65,683.68,0,15:59
2025-12-09,0.0019176999311969478,0.00032937594238124923,683.31,683.03,0,15:59
2025-12-10,0.0010036262407970842,0.008153547489103019,688.09,687.59,0,15:59
2025-12-11,-0.0034007648071927576,0.004801938289984431,688.41,689.15,0,15:59
2025-12-12,-0.0009517789547868194,-0.009946453351932893,681.35,681.8,0,15:59
2025-12-15,-0.004877906510437624,-0.006831985650642802,681.15,680.715,0,15:59
2025-12-16,0.002518075660074448,0.0001619814752094051,679.18,678.86,0,15:59
2025-12-17,-0.0007502537623019778,-0.010665372111155258,672.54,671.43,0,15:59
2025-12-18,0.0006198438583804311,5.903274841712047e-05,677.62,676.515,0,15:59
2025-12-19,0.004751629446801076,0.005734470374366252,680.46,680.52,0,15:59
2025-12-22,6.579668823336604e-05,0.0014621486274080109,684.925,684.71,0,15:59
2025-12-23,0.002259118724365683,0.005783051491822677,687.84,687.91,0,15:59
2025-12-26,0.0003330654328765892,-0.0005140792550917261,690.2,690.26,0,15:59
2025-12-29,-2.1816119203377227e-05,0.0008944608873340254,688.2,687.975,0,15:59
2025-12-30,0.0009746446910958717,0.00011637548550402776,687.49,686.93,0,15:59
2025-12-31,-0.0017026973928354616,-0.00643968885751911,682.67,681.82,0,15:59
2026-01-02,0.0008752607547666269,-0.003267640151128348,683.35,683.33,0,15:59
2026-01-05,0.0007865872310672817,0.0021339820250252384,687.96,687.73,0,15:59
2026-01-06,0.003089021979299833,0.005887312478195295,691.96,691.81,0,15:59
2026-01-07,0.0005273156742777729,-0.0026365783713890867,690.315,689.64,0,15:59
2026-01-08,-0.0008202730856059492,0.0011251533475127307,689.58,689.44,0,15:59
2026-01-09,0.0013176947581812204,0.006400231682594848,695.02,694.005,0,15:59
2026-01-12,0.004321827763942743,0.006754213239126727,695.3,695.185,0,15:59
2026-01-13,-0.0016823881283792863,-0.004946508685149009,691.985,693.71,0,15:59
2026-01-14,-0.003242147922999039,-0.0025474019394992053,689.12,690.62,0,15:59
2026-01-15,-0.001353296861503095,-0.003987906708897149,691.83,692.18,0,15:59
2026-01-16,-0.0024002421865989554,-0.002176796217275956,692.11,691.58,0,15:59
2026-01-20,0.000997769691278405,-0.006089329733536819,677.465,677.66,0,15:59
2026-01-21,0.0046147052329432725,0.008876131596378789,685.32,685.34,0,15:59
2026-01-22,-0.002804957599478186,-0.0024643038341669588,688.12,688.96,0,15:59
2026-01-23,0.0009736956837669286,0.0010754250835633972,688.8,689.2,0,15:59
2026-01-26,0.0025851394309797104,0.004438908882886672,693.57,692.755,0,15:59
2026-01-27,0.0014694230353669013,0.0026507239069366584,695.97,695.53,0,15:59
2026-01-28,0.00011477432498363527,-0.0022237525465552688,695.47,695.39,0,15:59
2026-01-29,-0.006964938356705419,-0.0068572331243851314,691.58,693.965,0,15:59
2026-01-30,-0.00020958603145238008,-0.002630666049953767,690.16,691.8,0,15:59
2026-02-02,0.004451727038079056,0.00897595777384641,695.78,695.39,0,15:59
2026-02-03,-0.003942690940428761,-0.012416962907106144,687.58,689.435,0,15:59
2026-02-04,-0.003172579640440931,-0.004012806211881936,687.52,686.1,0,15:59
2026-02-05,-0.00014689033167836207,-0.004325920267927885,677.79,677.44,0,15:59
2026-02-06,0.005018820577164407,0.01224621570656037,689.7,690.72,0,15:59
2026-02-09,0.0015156569538921083,0.007360726355026159,694.44,694.0,0,15:59
2026-02-10,0.0012231799801414311,-0.0023312371386222663,693.28,692.11,0,15:59
2026-02-11,-0.0033456101430857643,-0.005994816458104402,692.21,691.81,0,15:59
2026-02-12,-0.0022614983506907826,-0.015801679558647752,683.19,681.19,0,15:59
2026-02-13,-0.0027798355569573774,-0.0015476129354037305,680.6,681.61,0,15:59
2026-02-17,-0.005190031610674106,0.004043225759023716,682.83,682.76,0,15:59
2026-02-18,0.0032462310088174906,0.000497170514863976,684.19,686.19,0,15:59
2026-02-19,0.0016231629743364007,-0.0014184397163120588,682.89,684.505,0,15:59
2026-02-20,0.0037524002169355697,0.008970581768611874,688.32,689.44,0,15:59
2026-02-23,-0.0018682620800953842,-0.009297693386933759,681.35,682.39,0,15:59
2026-02-24,0.002479751144500719,0.007365888015025135,686.54,687.37,0,15:59
2026-02-25,0.0018112267076244581,0.004042658011417899,692.83,693.1,0,15:59
2026-02-26,-0.0035203139427516517,-0.006427458448753476,688.66,689.32,0,15:59
2026-02-27,-0.00010981046713376408,0.003814083558444814,685.57,686.16,0,15:59
2026-03-02,0.006291161433854331,0.009738776833203122,685.37,686.35,0,15:59
2026-03-03,-0.0038961231352681036,0.008858865531902405,681.04,680.29,0,15:59
2026-03-04,-0.0009975208672564628,0.006659918731388048,686.2,685.13,0,15:59
2026-03-05,0.004324942456273906,-0.003870456977818182,679.4,681.405,0,15:59
2026-03-06,-0.0034897016676319614,-0.0017522757309810233,672.185,672.44,0,15:59
2026-03-09,-0.0036165551187009592,0.01650709805216244,677.37,678.3,0,15:59
2026-03-10,-0.0025675835202454422,-0.0003541494510681531,677.44,677.13,0,15:59
2026-03-11,9.591547633114317e-05,-0.003939912643135313,674.98,676.34,0,15:59
2026-03-12,-0.003434582746623227,-0.004820336305998207,667.965,666.05,0,15:59
2026-03-13,0.0019873289104059833,-0.010250433327356423,662.37,662.3,0,15:59
2026-03-16,0.0035906105534029287,0.0012866354483027642,669.26,668.97,0,15:59
2026-03-17,0.0021937163041458874,-0.0019706265105038367,671.045,670.75,0,15:59
2026-03-18,0.0013017131742349974,-0.008221740106231779,662.92,661.54,0,15:59
2026-03-19,0.003122001736137525,0.005497768910954548,660.22,659.87,0,15:59
2026-03-20,-0.005064775817028355,-0.01424991812580445,647.17,648.48,0,15:59
2026-03-23,0.0032519831018449352,-0.0011093213384796297,657.31,655.37,0,15:59
2026-03-24,0.0002379873943452182,0.004813486975947967,654.4,653.2,0,15:59
2026-03-25,-0.00327176941237195,-0.003279360524697683,656.51,656.74,0,15:59
2026-03-26,0.003742216496426476,-0.008910769608294178,646.205,645.11,0,15:59
2026-03-27,-0.005315381921475626,-0.011883730884470145,634.93,634.04,0,15:59
2026-03-30,-0.007454755727815399,-0.016066014440658805,629.655,632.02,0,15:59
2026-03-31,0.005877243095608886,0.01637176105993854,649.42,650.12,0,15:59
2026-04-01,0.00029048434442269233,0.003088307240704413,656.1,655.18,0,15:59
2026-04-02,0.00495803844220144,0.012352554434002405,654.36,655.76,0,15:59
2026-04-06,0.003994511358438757,0.003033999085226391,657.82,658.885,0,15:59
2026-04-07,-0.004308441805587315,-0.0002892593438380553,656.56,659.23,0,15:59
2026-04-08,-0.0025724423418096443,-0.004220875221762288,673.495,676.0,0,15:59
2026-04-09,0.0004222347328808329,0.007252066727903017,679.91,679.87,0,15:59
2026-04-10,-0.0008880017026147158,-0.002436500539405917,679.63,679.35,0,15:59
2026-04-13,0.0030845066265237087,0.009187107057469168,683.79,686.0,0,15:59
2026-04-14,0.002588262665037977,0.009480602570813623,694.23,694.36,0,15:59
2026-04-15,0.0001581573234030742,0.006470072321030695,699.985,699.75,0,15:59
2026-04-16,-0.0022679456548871935,-0.00023535285097897596,700.9,701.53,0,15:59
2026-04-17,0.0029521705887349814,0.004290204740463821,709.31,710.06,0,15:59
2026-04-20,0.0011708775939172078,-0.0011990915118428314,708.005,708.79,0,15:59
2026-04-21,0.0008096709919527267,-0.0034287806354860173,707.76,703.91,0,15:59
2026-04-22,0.0003666412838085886,0.0018543588008010925,710.46,711.2,0,15:59
2026-04-23,0.0011771008077590128,-0.0013674105191930908,708.35,708.41,0,15:59
2026-04-24,-0.0011466679798242119,0.004284176685355634,713.7,713.97,0,15:59
2026-04-27,0.001282986062424829,0.0027342325920525212,715.1,715.165,0,15:59
2026-04-28,-0.0002247980330171151,-0.00019669827889001734,711.6,711.68,0,15:59
2026-04-29,-0.0002531716785283411,-0.00015471602576722088,710.81,711.59,0,15:59
2026-04-30,-0.004841395329312714,0.0062266500622665255,719.08,718.41,0,15:59
2026-05-01,0.0039099057879083965,0.0016152624974870022,722.43,720.49,0,15:59
2026-05-04,0.0008471869227670847,-0.003166534727719661,717.745,718.09,0,15:59
2026-05-05,0.0009697842922653521,0.004059239966196282,724.7,723.75,0,15:59
2026-05-06,0.002204503780621092,0.007987033946611266,733.825,733.77,0,15:59
2026-05-07,-0.001537279016141535,-0.00621033514042979,730.55,731.53,0,15:59
2026-05-08,0.00226538317629843,0.002319806796149404,736.64,737.54,0,15:59
2026-05-11,0.0028919784934557935,0.00268831803617009,738.5,739.2,0,15:59
2026-05-12,-0.0023952664649123934,0.00026463283889976985,737.075,738.19,0,15:59
2026-05-13,-0.0019230508795925472,0.006825476361371097,743.5,742.3,0,15:59
2026-05-14,0.001042149921670621,0.005950339875345545,748.075,748.1,0,15:59
2026-05-15,-0.0036528818676875296,-0.0023184342481263887,740.16,739.1,0,15:59
2026-05-18,0.0008785802143735921,-0.00578511279618299,735.5,738.4,0,15:59
2026-05-19,0.0006260292056234906,-5.443732222809583e-05,734.73,733.8,0,15:59
2026-05-20,0.0006253526105071128,0.007157568465914865,740.825,741.31,0,15:59
2026-05-21,0.001685712738301648,0.005564883015597877,742.68,742.71,0,15:59
2026-05-22,0.0017958374097055696,-0.0007907045311389416,745.59,745.67,0,15:59
2026-05-26,0.000779854427173543,-0.0008531740741728466,749.495,750.46,0,15:59
2026-05-27,-0.0004994106953793986,-0.00040618736557518353,750.56,750.59,0,15:59
2026-05-28,-1.332924569796834e-05,0.006044812924036691,754.75,754.68,0,15:59
2026-05-29,0.002593055638242303,0.001283297943415862,756.85,756.34,0,15:59
2026-06-01,6.61760813172041e-05,0.005452909100534642,759.67,758.44,0,15:59
2026-06-02,0.00047542953738055616,0.0027997517201305833,759.32,759.47,0,15:59
2026-06-03,-0.003007122131363893,-0.004411764705882337,754.83,754.18,0,15:59
2026-06-04,0.0015424301252560113,0.008283913517538544,758.26,756.97,0,15:59
2026-06-05,-0.004772095867285109,-0.018410453415571015,738.49,737.45,0,15:59
2026-06-08,-0.003369879599112169,-0.00567700275778571,739.18,739.235,0,15:59
2026-06-09,0.001250992050147337,-0.01190460176753072,734.54,737.07,0,15:59
2026-06-10,0.0029589833096976825,-0.010008726955383462,725.96,725.58,0,15:59
2026-06-11,0.0012486278814489715,0.012486278814489493,737.92,737.67,0,15:59
2026-06-12,-0.005575505575505568,0.0009585009585009185,741.41,741.67,0,15:59
2026-06-15,0.0020151636073424406,0.003431763766959417,754.34,754.75,0,15:59
2026-06-16,-0.0005963819495062861,-0.004439732290769216,751.22,750.58,0,15:59
2026-06-17,-0.001836889533722852,-0.012192687049928708,742.055,741.1,0,15:59
2026-06-18,-0.004018642220483648,-0.0023336208568199845,746.025,746.75,0,15:59
2026-06-22,0.0029291780913529575,-0.005630977061459097,743.475,744.27,0,15:59
2026-06-23,0.004701970057309435,0.0017240556876800817,735.0,733.62,0,15:59
2026-06-24,0.0016877637130801038,-0.00370219137062755,731.99,733.32,0,15:59
2026-06-25,-0.012207335228041627,-0.008796860197590961,732.42,733.33,0,15:59
2026-06-26,0.0026547761961925875,0.004534385182644485,732.21,729.35,0,15:59
2026-06-29,0.00029866550820645266,0.005817189557567826,740.88,740.86,0,15:59
2026-06-30,0.003473627411304525,0.0082557668959935,747.44,746.65,0,15:59
2026-07-01,0.0004631090051210318,0.002704825058895466,746.94,745.665,0,15:59
2026-07-02,0.0044888047470281744,-0.006816828669480746,742.4,744.86,0,15:59
2026-07-06,0.0002673010611851101,0.005399481435941267,752.26,751.27,0,15:59
2026-07-07,-0.0019127977499634463,-0.004778661974647158,746.67,747.77,0,15:59
2026-07-08,0.0012850962476536054,0.0027787683260780405,745.21,745.28,0,15:59
2026-07-09,0.0017396191572214281,0.005111803985066166,751.09,751.55,0,15:59
2026-07-10,0.001096928599920055,0.0038093338651774555,754.965,754.94,0,15:59
2026-07-13,0.0012888310169807404,-0.005620366187451875,748.37,749.13,0,15:59
2026-07-14,0.0005859401009415954,0.0016912362004448678,752.14,751.94,0,15:59
2026-07-15,0.00024528489509090257,-0.0008816997580298747,753.635,754.77,0,15:59
2026-07-16,-0.001168969181721602,-0.004895058448459055,749.04,750.87,0,15:59
2026-07-17,0.0035706105070267835,0.0013204521875043174,743.18,743.28,0,15:59
2026-07-20,-0.0017602805739986849,-0.005769436710216236,742.78,742.15,0,15:59
2026-07-21,-0.0013198268815906022,0.00261285524781929,748.245,748.155,0,15:59
2026-07-22,0.002255538451241712,0.0012716685630145275,747.98,747.49,0,15:59
2026-07-23,0.0003787417657483694,-0.002475347968997177,737.51,738.06,0,15:59
2026-07-24,-0.001191596536245565,-0.0009952539251596448,737.74,738.9,0,15:59
2026-07-27,-0.004403275607464008,-0.007068062827225163,739.63,738.85,0,15:59
2026-07-28,-0.003605419628905593,0.0034024879424756627,741.685,740.795,0,15:59
2026-07-29,-0.0033517136987780694,-0.006426370418423644,735.19,729.57,0,15:59
2026-07-30,0.00349852246866611,0.007819027886281082,741.77,741.63,0,15:59
2026-07-31,-0.0036726938235628337,0.0037666932998516867,747.485,746.79,0,15:59
2026-08-03,0.0054970713418458494,0.011808029460032898,758.34,757.72,0,15:59
2026-08-04,0.0035891300632371337,0.01531625100245848,772.31,771.11,0,15:59
2026-08-05,0.001005271229910898,-0.005290562049722336,771.775,769.79,0,15:59
2026-08-06,0.000941350610904168,-0.0020125426853810913,768.74,768.64,0,15:59
2026-08-07,0.00019455252918287869,0.0026848249027238147,773.07,773.105,0,15:59
2026-08-10,0.0009058322657453655,0.00024586875784526896,772.945,773.02,0,15:59
2026-08-11,-0.0011426505619646088,-0.005054776214792445,770.67,770.52,0,15:59
2026-08-12,-0.0026848063196210914,-0.002278213054870748,772.98,772.54,0,15:59
2026-08-13,0.0037110181743080783,0.004272511358942577,778.01,777.84,0,15:59
2026-08-14,-9.633849493584368e-05,-0.002999338475668134,776.17,776.3,0,15:59
2026-08-17,-0.0013784041429417693,-0.004032154175147462,773.13,772.62,0,15:59
2026-08-18,-0.00042923479143086585,-0.0009755336168884021,768.02,767.365,0,15:59
2026-08-19,-0.0004088997351887613,-0.0009540993821071098,769.67,769.09,0,15:59
2026-08-20,0.0007898533222796544,-0.00323121813659899,763.42,762.62,0,15:59
2026-08-21,-0.0018538101019595077,6.527500359010396e-05,766.07,765.64,0,15:59
2026-08-24,-0.001778358940830338,-0.0010003269042170304,763.975,763.52,0,15:59
2026-08-25,-0.000639536401367713,-0.0013051763293221441,765.17,765.79,0,15:59
2026-08-26,0.002811449792737175,0.0028179880480692088,766.9,765.94,0,15:59
2026-08-27,-0.00022772077529176205,0.0019193608203154078,769.945,771.18,0,15:59
2026-08-28,-9.070412315037579e-05,-0.0028830953429911377,769.49,769.28,0,15:59
2026-08-31,-0.0014270540781817775,-0.0008405934981071672,766.605,766.87,0,15:59
2026-09-01,2.6246719160072374e-05,-0.0007480314960630619,761.38,761.63,0,15:59
